accountId,email,password ,accountType,userId
"01GX4SQWGBBP7RFCMJG03W5MVV","owoodard@email.com","Test1234","Customer","01GW8XRBRKQG48KDE3NV66AFZN"
"01GX4SQWGBDK5AFPJ4Q6XMKFWB","mrayburn@hotmail.com","Test1234","Customer","01GW8XRBRMAX9JGMT4BWRY54PX"
"01GX4SQWGBH3BMS4W75314NMSF","mhurley@gmail.com","Test1234","Customer","01GW8XRBRMGNZTJSHBDKBB7NV9"
"01GX4SQWGBP1V1SYABKJA77GC6","sophiewhitaker@yahoo.com","Test1234","Customer","01GW8XRBRMBB7W1MDY2Y8X0ZYA"
"01GX4SQWGBYJNJNNDVXD761D6M","dparish@outlook.com","Test1234","Customer","01GW8XRBRMMRWTY3H7CB238M8H"
"01GX4SQWGC01ESDNTBMQ12CX7P","natalie.espinoza@icloud.com","Test1234","Customer","01GW8XRBRMWS2KPPPV9N0N0NQ9"
"01GX4SQWGC11WK8GE908E2P3SB","gmccallum@aol.com","Test1234","Customer","01GW8XRBRM77WTBJX92B5842CH"
"01GX4SQWGC3PVKYZ87JD9CF1HT","jfaulkner@protonmail.com","Test1234","Customer","01GW8XRBRMQHGPS5JWC7VPXH9B"
"01GX4SQWGC6E2S5ET3MEDTAN6Z","jacob.wilcox@msn.com","Test1234","Customer","01GW8XRBRNP9AVX5JCRD886EAP"
"01GX4SQWGC95FDFNZ92HWC9H15","dhuffman@live.com","Test1234","Customer","01GW8XRBRN91YE9NCY05SKDCD8"
"01GX4SQWGC9M93CTCAG86W7DRY","qakers@ymail.com","Test1234","Customer","01GW8XRBRNNR9FGMS12TAZN7P9"
"01GX4SQWGCAR69XFD0AFVTT61D","s_gorman@zoho.com","Test1234","Customer","01GW8XRBRNBYK627YVHDKM2TNJ"
"01GX4SQWGCBADVM3AFPQKYXTFH","ldevlin@me.com","Test1234","Customer","01GW8XRBRN5VME2SXNHFQEAPFJ"
"01GX4SQWGCCN9090ZJ4VZ58EXJ","lydiasheffield@rocketmail.com","Test1234","Customer","01GW8XRBRN3YY82RD27BZ96P7Y"
"01GX4SQWGCCWM7PGNAPA1Y05G8","gbeckett@fastmail.com","Test1234","Customer","01GW8XRBRN3K19SK32ARWWX34T"
"01GX4SQWGCECXQA9HEB6E2YG1N","hazel.mcculloch@inbox.com","Test1234","Customer","01GW8XRBRNDAT93YXVKJZPP9JA"
"01GX4SQWGCHJGNKPCHR9AXDR4X","emahoney@gmail.com","Test1234","Customer","01GW8XRBRNBG4DK199H7XAKA0R"
"01GX4SQWGCJNH795NXNMNG7VYJ","pdavenport@hotmail.com","Test1234","Customer","01GW8XRBRNV56W644G44TDB0S0"
"01GX4SQWGCMD158FYBSNRGVR1P","wwainwright@yahoo.com","Test1234","Customer","01GW8XRBRPQP6PKDFCD9WK7VGB"
"01GX4SQWGCSF5PDY7KSZ4NFH46","ehawthorne@outlook.com","Test1234","Customer","01GW8XRBRPRAH7G4XP3GREYHGK"
"01GX9BRFQMWNME3F9AC00D1WC6","julianswanson@email.com","Test1234","Customer","01GW8XRBRPMEPJV65MP1SV6N8Y"
"01GX9BRFQNQ19F7B6ZNMQ3WN80","averysummers@email.com","Test1234","Customer","01GW8XRBRPJ8KV8J8TG04VH698"
"01GX9BRFQP0EHRWYBZJNYBFZN4","adriannedonovan@email.com","Test1234","Customer","01GW8XRBRPDD4K7A3QR7TENTTN"
"01GX9BRFQP1JDD7BBS7B0BJWQA","sebastianwerner@email.com","Test1234","Customer","01GW8XRBRPE5YEQD5QVGC7JYKV"
"01GX9BRFQPDG96ND7HX3R7T70M","avablevins@email.com","Test1234","Customer","01GW8XRBRP6EW18FES04NGA9C5"
"01GX9BRFQPGY6F4XEBT17DKQFE","jacksonhutton@email.com","Test1234","Customer","01GW8XRBRPV9YMBPT9ZVXTAS0S"
"01GX9BRFQPM40SW5GW93DYZ6J9","lilagreene@email.com","Test1234","Customer","01GW8XRBRPHA7VDD8M8MT4DPB9"
"01GX9BRFQPR4FT7F06S1X0SZ5F","oscardonnelly@email.com","Test1234","Customer","01GW8XRBRPBPX13N2R2J50SJ4A"
"01GX9BRFQPTV4BY7NRN9P7EBBF","marleyheath@email.com","Test1234","Customer","01GW8XRBRPYA9G0FF4E0XW3QTP"
"01GX9BRFQPVDDS2PBP6EPA1J1Y","rhysmoffett@email.com","Test1234","Customer","01GW8XRBRP1MJTH496PNM6Y3AZ"
"01GX9BRFQPX7ZVFXN8CZ40QSD4","lenajamison@email.com","Test1234","Customer","01GW8XRBRPER4VY8WZ20HF0S4M"
"01GX9BRFQQ14FEQEBD0CBRNGGN","carterleach@email.com","Test1234","Customer","01GW8XRBRQE5BNAYW9R2BQSEP4"
"01GX9BRFQQ2MDK5ERYJ5F226SZ","aubreybouchard@email.com","Test1234","Customer","01GW8XRBRQN6K9MEPZ6222ACHR"
"01GX9BRFQQ8ET344X8Z107YMXJ","trevorfournier@email.com","Test1234","Customer","01GW8XRBRQ93TRK698PC8H0711"
"01GX9BRFQQ8ZS7AZFCZ6V4N3BP","gabriellamendoza@email.com","Test1234","Customer","01GW8XRBRQHA1Z6BTWT1E6QK47"
"01GX9BRFQQAQ8PJ7FQ3PBV6DB1","dantehiggins@email.com","Test1234","Customer","01GW8XRBRQXKTGCXMPV3MKBYZF"
"01GX9BRFQQJYBX13XYKCKPFVHE","bridgettesoto@email.com","Test1234","Customer","01GW8XRBRQ0MCZF0DGXR7E5MRY"
"01GX9BRFQQMNSRJ3A2A2NVSRY4","damiansnow@email.com","Test1234","Customer","01GW8XXQJJY21BWVR1N7CD4X4W"
"01GX9BRFQQRC36Z2866Z43RH3V","loreleiritter@email.com","Test1234","Customer","01GW8XXQJJ49MSZJW1DDDBAAGB"
"01GX9BRFQQRD6YTFQ31B95RTHH","tristanandrade@email.com","Test1234","Customer","01GWB55V6Q7MMQGGCB4CR3EG69"
"01GX9BRFQQRH4ZERBEFNFQ0CN0","carriehenderson@email.com","Test1234","Customer","01GWGKK80VA5DDW1H2TMZPAVBK"
"01GX9BRFQQRQ5K2YGW0PHNCFXQ","carrieortiz@email.com","Test1234","Customer","01GWGKK80W44N3CW8GPY1BT3VZ"
"01GX9BRFQR227832K1GNHDPMHA","shannonanderson@email.com","Test1234","Customer","01GWGKK80W7044VT8VDHC5G1PM"
"01GX9BRFQR49JHEM6W68TWY0Y6","georgemartinez@email.com","Test1234","Customer","01GWGKK80WCZT0KPQYQC27NMRP"
"01GX9BRFQR7DMGSJ2H6447XJ22","jerrygonzales@email.com","Test1234","Customer","01GWGKK80WP8CF8JYX83VP5VAK"
"01GX9BRFQR83CWE2ZK8WCBGXJT","melissaward@email.com","Test1234","Customer","01GWGKK80X74F7VER403NAPDS5"
"01GX9BRFQR9JQ8TGXB52W2P09S","tracywheeler@email.com","Test1234","Customer","01GWGKK80XM8SKSQ45Y7513391"
"01GX9BRFQRG8DJAE9KCX6ZCR7Z","ashleylewis@email.com","Test1234","Customer","01GWGKK80XMQPNT5N477SN0QA9"
"01GX9BRFQRGJ7XXBV4BG3X18FC","haydenguerrero@email.com","Test1234","Customer","01GWGKK80XR3QNT8QDT4JEM28R"
"01GX9BRFQRGSHCNG0SM51PY7W9","joanntaylor@email.com","Test1234","Customer","01GWGKK80XTRXRA10892ZA193J"
"01GX9BRFQRGTE5GS2KM91SJK0Y","shannonhill@email.com","Test1234","Customer","01GWGKK80XW7X2S19JXFJJCDDR"
"01GX9BRFQRJBNFVKPFDF1XNDQA","davidbaker@email.com","Test1234","Customer","01GWGKK80XZ4PPEWZEM0YV01HA"
"01GX9BRFQRKQEZEJ9GR7V509QW","jefferyrodriguez@email.com","Test1234","Customer","01GWGKK80Y16410TWCNAZK7F50"
"01GX9BRFQRT2SXV6YW92N9YM3R","luisbanks@email.com","Test1234","Customer","01GWGKK80Y7SJSKT1BT1HWZC4E"
"01GX9BRFQRT2T8X86B0YCV9W9D","normanwelch@email.com","Test1234","Customer","01GWGKK80Y833P5NNZMZXJA3AN"
"01GX9BRFQRTJETADBVMFPRGGVZ","christophermartinez@email.com","Test1234","Customer","01GWGKK80YGR0032VRP01MS1BE"
"01GX9BRFQS51GS0GYHHQFT595E","monica.smith@email.com","Test1234","Customer","01GWGKK80YWAWDWWQ2VK4TCA3Y"
"01GX9BRFQS5KBA3KYEN9PTY0Q6","kathleenwilliams@email.com","Test1234","Customer","01GWGKK80Z20VQBVFF2AJSP8FG"
"01GX9BRFQS716HPFYQZ5B8CN3J","erichansen@email.com","Test1234","Customer","01GWGKK80Z2KN0J6T9PTFYZB55"
"01GX9BRFQSH8XYZAWN3HEDF9FK","april.simmons@email.com","Test1234","Customer","01GWGKK80Z7F74QBK4NVZ804CV"
"01GX9BRFQSKNFEK7AQE5AN6JSA","chadparsons@email.com","Test1234","Customer","01GWGKK80ZBDPWECY0TWFQ1A2H"
"01GX9BRFQSSN1AZFWZ7PGAEEQ3","donaldfrazier@email.com","Test1234","Customer","01GWGKK80ZEFZEXPHCV1VZPYGB"
"01GX9BRFQSTBEGKTXPEGD19BSM","adambrown@email.com","Test1234","Customer","01GWGKK80ZHRBMYFY8PFY72HQD"
"01GX9BRFQSYKTR4Q5BRZ0DZYWS","kristaparker@email.com","Test1234","Customer","01GWGKK80ZKESKYZCERFCNT1Y6"
"01GX9BRFQSZ3KBZB7P74P8AFFN","kellydavis@email.com","Test1234","Customer","01GWGKK80ZM9DNXTM7K6HFT1QW"
"01GX9BRFQT2D7YJ4CR7W6N9MVQ","kennethcannon@email.com","Test1234","Customer","01GWGKK80ZNMRBHSS62ZSTRFV0"
"01GX9BRFQT4TG115VCJXSGWZR1","heatherlove@email.com","Test1234","Customer","01GWGKK8102XCJET3GAPBAA70S"
"01GX9BRFQT88HVF4T451DXG031","stephenbrown@email.com","Test1234","Customer","01GWGKK8102Z8AS42ZT8Y49GGW"
"01GX9BRFQT8JNTV3WEG1RZHFH3","cameronrobinson@email.com","Test1234","Customer","01GWGKK810E4PKVYQBGN1B04SY"
"01GX9BRFQT97B3QJSFXZHCMBP7","jennifersoto@email.com","Test1234","Customer","01GWGKK810F9TBYH7X4M9JDT8N"
"01GX9BRFQT9F0NWRRBNXNDH3EX","isabellajones@email.com","Test1234","Customer","01GWGKK810J3AJ4J2WVBCKGA3N"
"01GX9BRFQTBVPX1N6BSFW4KH07","jessicamoreno@email.com","Test1234","Customer","01GWGKK810K4MG9V922SEX5Y0H"
"01GX9BRFQTE3C4XEWW4DT34WJK","thomashart@email.com","Test1234","Customer","01GWGKK810QPKJW28321DXBS79"
"01GX9BRFQTE7BKJXY44WQ71Q8C","amandaedwards@email.com","Test1234","Customer","01GWGKK810T2Z9HA4JMXYAT556"
"01GX9BRFQTJD48938GZE2SSVG7","emilymiller@email.com","Test1234","Customer","01GWGKK810TCKDNMQFYC2WGPEJ"
"01GX9BRFQTRF2EHD422DNENSBX","leonardcooke@email.com","Test1234","Customer","01GWGKK810TZPVTG461ZA7XPHQ"
"01GX9BRFQTRM1M14G8PQG7S3PA","emilyharris@email.com","Test1234","Customer","01GWGKK810Z2J4AH8PF7EV31MS"
"01GX9BRFQTWDF9PZBXBTTW4BWG","mistycarlson@email.com","Test1234","Customer","01GWGKK810ZAXYR018X9E6RCH2"
"01GX9BRFQTY18AWFPTQTRS8BHT","martinfleming@email.com","Test1234","Customer","01GWGKK810ZYQNT5CDGZFN887M"
"01GX9BRFQV1QHPJ8WAK7DQMRG5","robertschmitt@email.com","Test1234","Customer","01GWGKK811NH0GYTX7DZZHA4B4"
"01GX4SQWGCVF0SMCGFZDCGQEY0","megandavis@outlook.com","Test1234","Employee","01GW8WHMDSFS201Q9K4KGDWRSC"
"01GX4SQWGCVQGD9SW7DFH9M3PY","juan.hernandez@gmail.com","Test1234","Employee","01GW8WHMDTYZZ4KSTVJADA3CC0"
"01GX4SQWGCW34SNYFB2J5MB5MT","emilykim@yahoo.com","Test1234","Employee","01GW8WHMDTJZHGN1NYMXC7DA1R"
"01GX4SQWGCXV8HAEMQ88YYP5QK","liamjones@hotmail.com","Test1234","Employee","01GW8WHMDT3THC0VH4X36XJWG4"
"01GX4SQWGCYW3AJMRYCKPZ8N3Y","sophielee@aol.com","Test1234","Employee","01GW8WHMDT82SSJ379G349F1PJ"
"01GX4SQWGCYWX8JNWV4AX56JJ3","oliverbrown@protonmail.com","Test1234","Employee","01GW8WHMDTTPC79ZQYVHDFFDKX"
"01GX4SQWGD068T15MSR6AP2TWK","isabellanguyen@icloud.com","Test1234","Employee","01GW8WHMDTWEGZN7BD0GV0DSJ9"
"01GX4SQWGD0FYKTX7VD14JV140","williamchen@msn.com","Test1234","Employee","01GW8WHMDTW6M89ZDATNH3DKBM"
"01GX4SQWGD0Z6NAP636JAFCWS6","avarodriguez@live.com","Test1234","Employee","01GW8WHMDV4FX343WWPPF84M2B"
"01GX4SQWGD313KENCHKAFR539S","ethantaylor@ymail.com","Test1234","Employee","01GW8WHMDVW2608E46YQ8RR8T1"
"01GX4SQWGD89CWRTZ88NG8W71X","miawilson@zoho.com","Test1234","Employee","01GW8WHMDVCATZ5B9SXP8AG7NQ"
"01GX4SQWGDBTMVSWNHQX3KZG1E","lucascampbell@me.com","Test1234","Employee","01GW8WHMDV3TY869Z37JBQQFSD"
"01GX4SQWGDE3Q7VZPQ6T4YM1NV","emmamartinez@rocketmail.com","Test1234","Employee","01GW8WHMDV45WWR766CR5GX39R"
"01GX4SQWGDEXDX4867CGWBNYF0","noahclark@fastmail.com","Test1234","Employee","01GW8WHMDV7F3MT1Q9KSZB2ADN"
"01GX4SQWGDNMGZ5JCKA8P6NGT2","chloe.lewis@inbox.com","Test1234","Employee","01GW8WHMDVEXPHR3PQXMW6458N"
"01GX4SQWGDQWD0YQDV43EC3MPM","danielyoung@outlook.com","Test1234","Employee","01GW8WHMDVKYYQJ1YY0VNHEJBF"
"01GX4SQWGDW6VZCSEBGW1HW5E5","madison.scott@gmail.com","Test1234","Employee","01GW8WHMDVJRSE4BN3BSSJHZN6"
"01GX4SQWGDWKDBKYHV1ATDZ63W","jacobbaker@yahoo.com","Test1234","Employee","01GW8WHMDVN5SF7EP0A23W42Q2"
"01GX4SQWGDX0H5GVDFB9RJRTA1","zoephillips@hotmail.com","Test1234","Employee","01GW8WHMDV47DTYQ1AXQG7D1QJ"
"01GX4SQWGDX3JHKH7M2Q6NP7JA","alexandergreen@aol.com","Test1234","Employee","01GW8WHMDV16Q4RXJ88F3Z4TH1"
"01GX9CJ4NV3DC6KWCCFPFSKJZT","gracewright@gmail.com","Test1234","Employee","01GW8WHMDW77Q4Z9XMMXV2MRNA"
"01GX9CJ4NV4R3Y5QF5JQR377V6","michaeldavis@gmail.com","Test1234","Employee","01GW8WHMDW4579731MK3P6A7MQ"
"01GX9CJ4NV6AVBPTR5TKZHY8NH","nataliewong@gmail.com","Test1234","Employee","01GW8WHMDWFVBK8TBACB5NHHF7"
"01GX9CJ4NV77RS3MRDHH4N3HR0","benjamingarcia@gmail.com","Test1234","Employee","01GW8WHMDWY35R4VGKQBNGN5TT"
"01GX9CJ4NV8QJVM0N95HK8V80X","averyjohnson@gmail.com","Test1234","Employee","01GW8WHMDWAPB1S6XP3KEXD39T"
"01GX9CJ4NVC059ERQF4X7WYFWJ","matthewperez@gmail.com","Test1234","Employee","01GW8WHMDW9D04VZKAKHQJ04DR"
"01GX9CJ4NVJ60VS6SZS7BQS8ZN","harpertaylor@gmail.com","Test1234","Employee","01GW8WHMDW78G13TDNAEVQ1Q8K"
"01GX9CJ4NVV8N674SXNN18QKBJ","loganbrown@gmail.com","Test1234","Employee","01GW8WHMDW2HMND275XSMQMS32"
"01GX9CJ4NWA0SPE1Q8HP82S8NC","arialee@gmail.com","Test1234","Employee","01GW8WHMDWF7YZW6WMCBZZE7X1"
"01GX9CJ4NWH2SDPKMC5B5YPZCY","calebnguyen@gmail.com","Test1234","Employee","01GW8WHMDW8YSBBH84MDZNA8TE"
"01GX9CJ4NWHVJ2MMBBF0MR1TR3","lilakim@gmail.com","Test1234","Employee","01GW8WHMDWEWV89BD524N8WTEH"
"01GX9CJ4NWHXMXQK36Z9PXP6Y6","jackjones@gmail.com","Test1234","Employee","01GW8WHMDW5YXVDBRMFCGVYXD2"
"01GX9CJ4NWJPBP0H8AAX2ZMNAS","addisonmartinez@gmail.com","Test1234","Employee","01GW8WHMDWJWGHAJHSE8HVB0HD"
"01GX9CJ4NWP2GJXD5WAPEWN6SY","owenhernandez@gmail.com","Test1234","Employee","01GW8WHMDXGV02J397SB46V4SJ"
"01GX9CJ4NWRRCDX2SFJWAG1JNZ","aaliyahwilson@gmail.com","Test1234","Employee","01GW8WHMDXDSEDEX56449GV3ZT"
"01GX9CJ4NWS8251YKHT1VX4D39","ryanchen@gmail.com","Test1234","Employee","01GW8WHMDXS366P9X5GF9YBXP6"
"01GX9CJ4NWXNHSJR9X7WETMMB5","elliedavis@gmail.com","Test1234","Employee","01GW8WS8RKR41B56MD8J5B65FK"
"01GX9CJ4NWZWA78B6J20SNREPQ","lukerodriguez@gmail.com","Test1234","Employee","01GW8WS8RMY8G71ZCFKV1SVMPH"
"01GX9CJ4NX33QADB2DBKKCVGW4","lunaclark@gmail.com","Test1234","Employee","01GW8WS8RMMR56VR3ZJ6NEQEPJ"
"01GX9CJ4NX49SAXSQZJM356B6B","levismith@gmail.com","Test1234","Employee","01GW8WS8RMR5VW3B8DGDY6CHSS"
"01GX9CJ4NX8WPT3JNN58FAZFQ4","matthewmoss@gmail.com","Test1234","Employee","01GWFN947GGQK7XCA2NHC2J9QD"
"01GX9CJ4NX8XTGE3KTSNGJJNRA","abigailmejia@gmail.com","Test1234","Employee","01GWFN948KYW9RF29CTAC08J5H"
"01GX9CJ4NXKSE0D1J9CDG6D5NT","trevorfoster@gmail.com","Test1234","Employee","01GWFN948KMDQT272F0FDRJZRB"
"01GX9CJ4NXPDBVGJ66E9C7Y6EW","bettyrobinson@gmail.com","Test1234","Employee","01GWFN948KHJ31XM0TWK9EM3Q3"
"01GX9CJ4NXPZ1SKN8F6KE6RMTN","sarawalker@gmail.com","Test1234","Employee","01GWFN948KB3RWYGNETHKVQA9B"
"01GX9CJ4NXQD2J1SN88MJ90WG5","barbarawashington@gmail.com","Test1234","Employee","01GWFN948JZAX47SP9V6FS19EV"
"01GX9CJ4NXTG5HSAYFZ2TB64T0","manuelgarcia@gmail.com","Test1234","Employee","01GWFN948JTWXPZ077Q1WY01RP"
"01GX9CJ4NXVNYXKZR7HJPMWBR7","trevorwarren@gmail.com","Test1234","Employee","01GWFN948JST5CZVYYFBNHVD4J"
"01GX9CJ4NY1GDGT1G77CG37MG9","oliviamartinez@gmail.com","Test1234","Employee","01GWFN948JRNJY3GHJX07PVFB7"
"01GX9CJ4NY9PQ3MNDJ5GYMRQ23","aaronstevenson@gmail.com","Test1234","Employee","01GWFN948JRJME0P1ZEABYYSP6"
"01GX9CJ4NYA7N0G23G4HC54HZ4","stephanieandrews@gmail.com","Test1234","Employee","01GWFN948JR07HSGY6E21K5BAX"
"01GX9CJ4NYE6XW9RQKA0GX74H3","davidkelly@gmail.com","Test1234","Employee","01GWFN948JQF39R0YM42WWZ66H"
"01GX9CJ4NYFF3BPQT64ZD312FE","jenniferramsey@gmail.com","Test1234","Employee","01GWFN948JPF823PVVT1KJJ756"
"01GX9CJ4NYMQ2W86H0SKWBE1AR","kathytownsend@gmail.com","Test1234","Employee","01GWFN948JNW3BEYRY6K6RNSAW"
"01GX9CJ4NYVKHE5H63EC2C9897","matthewbishop@gmail.com","Test1234","Employee","01GWFN948JDD3GNRSN7HMEPT0V"
"01GX9CJ4NYVTRPBSGAHTKQ8E34","sharonbauer@gmail.com","Test1234","Employee","01GWFN948JC8P514JXKX5KMMWA"
"01GX9CJ4NYW7SZ589F44747853","christineryan@gmail.com","Test1234","Employee","01GWFN948J9SZNWJH4345J1M4F"
"01GX9CJ4NYWYDJF9AVZ37JKNG5","susanjones@gmail.com","Test1234","Employee","01GWFN948J94JX6XMVTYYTG5EA"
"01GX9CJ4NZ0NWX5PC3TDC8YD37","patrickacevedo@gmail.com","Test1234","Employee","01GWFN948J89AFHFF8QS54XYQH"
"01GX9CJ4NZ2EZ8WEGW3E6770ZH","amberchen@gmail.com","Test1234","Employee","01GWFN948J83J3GXQWXFQGSBNZ"
"01GX9CJ4NZ3A5VKA0YG3TJVR1N","stephanienichols@gmail.com","Test1234","Employee","01GWFN948J5F0HWKYMSYKG3JV4"
"01GX9CJ4NZ3VRK5GJXJY1X5513","nicholasmoore@gmail.com","Test1234","Employee","01GWFN948J4PS2B8S3BEN295DC"
"01GX9CJ4NZ4SKHC4DXXH9FPDTH","jeremymartindds@gmail.com","Test1234","Employee","01GWFN948HY35EF50WCAF3AQJR"
"01GX9CJ4NZ6WFDYYHRDRXAX5YC","garyleon@gmail.com","Test1234","Employee","01GWFN948HXTFXM60Z7KMA8JBE"
"01GX9CJ4NZ8BM7T8DYCNAP3RJ4","peterkelly@gmail.com","Test1234","Employee","01GWFN948HXNFEE2ZY3GF9XN1P"
"01GX9CJ4NZBR9V60FXQV8CPQ1F","brookelee@gmail.com","Test1234","Employee","01GWFN948HVH1XWNFDQ0HNKQMV"
"01GX9CJ4NZF2XR26Z4V8MKT8PN","judyphillips@gmail.com","Test1234","Employee","01GWFN948HR4020PHA0ZFQD8YZ"
"01GX9CJ4NZGW3A9V4CMVDN9F7K","doncarey@gmail.com","Test1234","Employee","01GWFN948HNQX4K8EGQBRNBED6"
"01GX9CJ4NZTH3G1SA927ZRNR0N","ronaldcollinsdvm@gmail.com","Test1234","Employee","01GWFN948HHE4RWXEHJP36Z3XP"
"01GX9CJ4NZX48802DXX3XDWTT7","cindykelly@gmail.com","Test1234","Employee","01GWFN948HGHA9Y5GFEHCC3DMA"
"01GX9CJ4P0597PDA8MXK8JS36G","loriodonnell@gmail.com","Test1234","Employee","01GWFN948HF141AKVCBBRT2TA1"
"01GX9CJ4P06492137V6HDYQ5DG","johnsmith@gmail.com","Test1234","Employee","01GWFN948HDEHDCA0NYW2G4HYR"
"01GX9CJ4P06NH1GPNTHF0AXZBF","alangonzalez@gmail.com","Test1234","Employee","01GWFN948HCFPVMG2K044W3NS3"
"01GX9CJ4P091XP24DQ40T8JJ2F","madisonnguyen@gmail.com","Test1234","Employee","01GWFN948HBW5N7FVNWSGPBN3T"
"01GX9CJ4P09ZH8XG606Y9KB74Z","katelynsmith@gmail.com","Test1234","Employee","01GWFN948HA21W9S3ZCXTM3KR0"
"01GX9CJ4P0BB993VX8GRN222HE","garrettdunn@gmail.com","Test1234","Employee","01GWFN948H8V6B6XR0KBE7A8J9"
"01GX9CJ4P0GRYQZBRG2XK8E6GJ","mrs.alyssahickman@gmail.com","Test1234","Employee","01GWFN948H81BBJ48SKGDA9C2F"
"01GX9CJ4P0GWR873EHSRHZN0Q4","sandraoconnell@gmail.com","Test1234","Employee","01GWFN948H7H90XJNNE31RKQQP"
"01GX9CJ4P0HJWVS90QTGNECH46","shannonfigueroa@gmail.com","Test1234","Employee","01GWFN948H71JDCKMHF00X7F1F"
"01GX9CJ4P0JASTRQ9VF875Q87B","christopherrichardson@gmail.com","Test1234","Employee","01GWFN948H60GYWJEDM722T4E1"
"01GX9CJ4P0KCB1YGPZWCRKWKFC","angelareyes@gmail.com","Test1234","Employee","01GWFN948GV7GJTE5J3FZ23G4K"
"01GX9CJ4P0MYE5KT9KXPJXPT5C","jacquelinemiller@gmail.com","Test1234","Employee","01GWFN948GRTE62RFGDWZAKCQK"
"01GX9CJ4P0STVH0537WFFD5E9Q","theresamontgomery@gmail.com","Test1234","Employee","01GWFN948GMBE2EN6CHCK5F85V"
"01GX9CJ4P1224E2FCT88KR68AY","sabrinafrye@gmail.com","Test1234","Employee","01GWFN948GKZ2XCAZ1A8SBYJD1"
"01GX9CJ4P12C16X7JF51FBS6PJ","dr.patricksimpsonmd@gmail.com","Test1234","Employee","01GWFN948GKGKHAFGDZ17PY0BY"
"01GX9CJ4P13RZCHKHR9PDQAMKN","zacharygomez@gmail.com","Test1234","Employee","01GWFN948GJ2EEVTY78YF8Q2MQ"
"01GX9CJ4P1525Y7D2PJDBVG8H6","reneemorris@gmail.com","Test1234","Employee","01GWFN948GHNASHGFMNPY0733J"
"01GX9CJ4P19366WG0Z4JVNZ7ZZ","anthonymiller@gmail.com","Test1234","Employee","01GWFN948GF89M9GYGQKJE6PPW"
"01GX9CJ4P1AM47CY4S1XXTKCK0","debbiegarcia@gmail.com","Test1234","Employee","01GWFN948GDYB4FMYAK8G77C04"
"01GX9CJ4P1B4JVN87ZT0W7H3RQ","robertlewis@gmail.com","Test1234","Employee","01GWFN948GD449XX6C5XQ304GZ"
"01GX9CJ4P1BDFGYKKV5X43182S","kevinpeterson@gmail.com","Test1234","Employee","01GWFN948GCPPXTP2Z24GRAM63"
"01GX9CJ4P1CFZ3AK2JQ54F6EZD","danabrown@gmail.com","Test1234","Employee","01GWFN948GB516Y0G22PP6NW10"
"01GX9CJ4P1E9VMP5VCMAEMHEVA","robinmedina@gmail.com","Test1234","Employee","01GWFN948GAT92NSX8Z2E3ZCE8"
"01GX9CJ4P1QPPBC1ZZ6P4CT8H6","nicholasthomas@gmail.com","Test1234","Employee","01GWFN948GA2CARZJDS5QA3861"
"01GX9CJ4P1TAK47SDPT6HJB2ZB","zacharywinters@gmail.com","Test1234","Employee","01GWFN948G9RS516PYX5J4KMMG"
"01GX9CJ4P1VTAES8J15CE9QFNQ","edwardfranklin@gmail.com","Test1234","Employee","01GWFN948G6ZMH6YN4JER05WHJ"
"01GX9CJ4P1YWWWPT2MN9DS8YD6","mr.scottsullivanjr.@gmail.com","Test1234","Employee","01GWFN948G1K2D9E54CZ6S02EW"
"01GX9CJ4P208SX8NWM7QC8KGWQ","donnalambert@gmail.com","Test1234","Employee","01GWFN948G0551HRPTEDXEMB9G"
"01GX9CJ4P23MXTWXJW82YXYNZG","jesseramirez@gmail.com","Test1234","Employee","01GWFN948FY1P3FJ06H35P8TZX"
"01GX9CJ4P23YQ395SARXKM0KQD","cassandramaxwell@gmail.com","Test1234","Employee","01GWFN948FHJQNS6AQE1VRCRWS"
"01GX9CJ4P25525FK680YDCYA40","pauldeleon@gmail.com","Test1234","Employee","01GWFN948FBNS7QCJK0NTWBXQ9"
"01GX9CJ4P29DZ5W4JCNGV6CQYJ","robertandrews@gmail.com","Test1234","Employee","01GWFN948FBN593M591C8GFDCJ"
"01GX9CJ4P2AY2C84NT5JYKMPJX","gabriellemcmahon@gmail.com","Test1234","Employee","01GWFN948F8H499EXDJC6B4A2S"
"01GX9CJ4P2DMMC4XGE23Q2APPC","christygriffith@gmail.com","Test1234","Employee","01GWFN948F8F11ARFAD8WB54HB"
"01GX9CJ4P2GEFVBHAZX13YVHND","heathercarter@gmail.com","Test1234","Employee","01GWFN948F8C8SHM6131Y2J7T0"
"01GX9CJ4P2H27NWCPHMSX9968D","sophiarobinson@gmail.com","Test1234","Employee","01GWFN948F5442WPP01TV0AMCM"
"01GX9CJ4P2Q872JFBC6C356HNZ","kyleweaver@gmail.com","Test1234","Employee","01GWFN948F4R18Z7BD7VWJQT50"
"01GX9CJ4P2V2WMZXVME6WTTVBA","davidmeyer@gmail.com","Test1234","Employee","01GWFN948F4GBY5RXHHWMGK30C"
"01GX9CJ4P2ZA9EP38QJMS8PRWY","brianhouse@gmail.com","Test1234","Employee","01GWFN948F41TWWPHX42FFCZ9J"
"01GX9CJ4P2ZYPEZ60NC49FV088","ryanmoore@gmail.com","Test1234","Employee","01GWFN948F3VT0KA2WEGQ95YE9"
"01GX9CJ4P32QZ0ZV5A2HHT3ZMD","kylerojas@gmail.com","Test1234","Employee","01GWFN948F3K45EVB5R1WX4ZNB"
"01GX9CJ4P32S65VG3Z21J1V6P7","christophertaylor@gmail.com","Test1234","Employee","01GWFN948F2P7A39M9ZC6BP4WH"
"01GX9CJ4P3A1TFKJGKCGJ6JQ6C","christinewells@gmail.com","Test1234","Employee","01GWFN948F2B9BJMYC7NBB98V0"
"01GX9CJ4P3B0BSPWNJPJG48GAA","luketownsend@gmail.com","Test1234","Employee","01GWFN948F175JT0ET9TNR93B3"
"01GX9CJ4P3G2VFARMJGBA2JQGA","jefferyday@gmail.com","Test1234","Employee","01GWFN948F0MQS3TH3XE8K5Y29"
"01GX9CJ4P3JHR0V537Q05Y3MA2","barbaramoore@gmail.com","Test1234","Employee","01GWFN948ET9PTRNYHTDSSQ7C0"
"01GX9CJ4P3JJDQVC51N9ETQ642","davidfuentes@gmail.com","Test1234","Employee","01GWFN948ER4MQFNEYMBYKNWBT"
"01GX9CJ4P3MB9X613HECX4NCS5","amywilliamson@gmail.com","Test1234","Employee","01GWFN948EQNSK057Q1HNK0ZFT"
"01GX9CJ4P3MR6BTWZ0VCGZ476A","carolguerra@gmail.com","Test1234","Employee","01GWFN948ENHJH9G5SEYMMTYAP"
"01GX9CJ4P3NJA1CBTZCHSW3ZV3","kaylawilson@gmail.com","Test1234","Employee","01GWFN948EKTC91FA2Y613D369"
"01GX9CJ4P3ZTEY4VN2WKZ7Q806","amberhunt@gmail.com","Test1234","Employee","01GWFN948EJHJH53E6VQ9A577S"
"01GX9CJ4P40FPQANY5PWCHP01Q","katierios@gmail.com","Test1234","Employee","01GWFN948EGZA087TBRFR1A3G6"
"01GX9CJ4P40N8QVHTV3WG0Y2F7","katiearnold@gmail.com","Test1234","Employee","01GWFN948EEHXYZJ7AAJT5DGD1"
"01GX9CJ4P43GJWBHFR6BW2WG63","katherinesims@gmail.com","Test1234","Employee","01GWFN948ED9WH6K772FCD2755"
"01GX9CJ4P46YKYC7YR4DPMGZGM","tammyfrank@gmail.com","Test1234","Employee","01GWFN948ED3NK1MJTVT02S0AS"
"01GX9CJ4P47F8RDBSBBJ70P42R","robertli@gmail.com","Test1234","Employee","01GWFN948EBV58PYF2J7WSA1JD"
"01GX9CJ4P48JZVAE1ZE8NCJ232","laurafrost@gmail.com","Test1234","Employee","01GWFN948EACP7XDP49HER0FT7"
"01GX9CJ4P4BSVRHBXR44N976DP","johnsnow@gmail.com","Test1234","Employee","01GWFN948E8ZH2T2S6X81P59GS"
"01GX9CJ4P4GQY9VKVD3DBM12KC","jamiegreen@gmail.com","Test1234","Employee","01GWFN948E5RD6V2XCJ9WS6DM4"
"01GX9CJ4P4KTN1MTE8YRM32JEN","ashleerollins@gmail.com","Test1234","Employee","01GWFN948E47ECQDWHJ2CGG49P"
"01GX9CJ4P4PC5S7322G5NG483P","patrickcaldwell@gmail.com","Test1234","Employee","01GWFN948E43D7XMBNQGED626A"
"01GX9CJ4P4PESFN6F7RZ1ZW6MM","markbond@gmail.com","Test1234","Employee","01GWFN948DZCFAWT3KX30JYNYM"
"01GX9CJ4P4QXV0SSSR21RF5EGN","ritamiller@gmail.com","Test1234","Employee","01GWFN948DZ6DE2TWNWGZWQBM9"
"01GX9CJ4P4WCHJDFAATWKTB1ND","robertcrawford@gmail.com","Test1234","Employee","01GWFN948DZ67F627T9XG7WQS7"
"01GX9CJ4P50M0FWZK2266N1NAV","ryangalloway@gmail.com","Test1234","Employee","01GWFN948DVNYV5TWWRVJGYHG7"
"01GX9CJ4P59M3YFH7GQ97HM0W5","jeremytaylor@gmail.com","Test1234","Employee","01GWFN948DSBPYNTMYWY985R4B"
"01GX9CJ4P5H3P4MRWFFVX7KCD2","kaylafields@gmail.com","Test1234","Employee","01GWFN948DK5B3BDS006YBXCSZ"
"01GX9CJ4P5JEZV8W0RFB5S3F3Z","michelleblack@gmail.com","Test1234","Employee","01GWFN948DJZYJHCHJNBS1FM6G"
"01GX9CJ4P5KWYJHKVNHX9G3PR5","travisrussell@gmail.com","Test1234","Employee","01GWFN948DH1TS7R6R74E4DW2G"
"01GX9CJ4P5M5TCMBPXF043BMCZ","brucewilliams@gmail.com","Test1234","Employee","01GWFN948DEXP83V9312MD3K0Z"
"01GX9CJ4P5PSXN66VSV2QNQXKT","brittanywang@gmail.com","Test1234","Employee","01GWFN948DCMSHEN3WJ6VZ0E6G"
"01GX9CJ4P5QVQM1GAPPV8GAB57","susanbrooks@gmail.com","Test1234","Employee","01GWFN948DC5BP67EY38JH125E"
"01GX9CJ4P5RW92Z878DGCEDY61","christinabrown@gmail.com","Test1234","Employee","01GWFN948D9TE999N8MJBB2VMA"
"01GX9CJ4P5TP9W7RCQP37EZN7V","josephchristensen@gmail.com","Test1234","Employee","01GWFN948D7JRYJXCZP305GRJA"
"01GX9CJ4P5VGVT69B6F9FDM4C1","janehowell@gmail.com","Test1234","Employee","01GWFN948D6YJNJW5Z3MZSSBYH"
"01GX9CJ4P5YES1XZBMCK84KX0E","kyledaugherty@gmail.com","Test1234","Employee","01GWFN948D53S4J5WD6T0WFBX5"
"01GX9CJ4P5ZW6AEEJCVEWDJ73S","andreamiranda@gmail.com","Test1234","Employee","01GWFN948D535EDN0C5Q36YDDD"
"01GX9CJ4P60TCDFDHEPFB3PBV2","tiffanyrhodes@gmail.com","Test1234","Employee","01GWFN948D0S3N2DNFCTFSXEXP"
"01GX9CJ4P62RZ7WX6DSBJFGBTE","robinjohnson@gmail.com","Test1234","Employee","01GWFN948D0HM00RG43N3D5QPT"
"01GX9CJ4P6326PPD9Y8RE9RA44","sarahwilliams@gmail.com","Test1234","Employee","01GWFN948CZNW905CVE1K5V23S"
"01GX9CJ4P632Z5MT024EZQSNBM","kennethwilliams@gmail.com","Test1234","Employee","01GWFN948CZGDDTK7ZT14A83WC"
"01GX9CJ4P66ERBTJ5K089VY665","masonbyrd@gmail.com","Test1234","Employee","01GWFN948CWVQGFCRKDGQNB0GJ"
"01GX9CJ4P67GKZR26C1F9CRT7E","emmaramirez@gmail.com","Test1234","Employee","01GWFN948CTR0VQ9GG0KDHM095"
"01GX9CJ4P6AQA6XRAYMNVVRWYS","jennifermays@gmail.com","Test1234","Employee","01GWFN948CRPSTREQZN0D4XWRG"
"01GX9CJ4P6E4J4V2W9DCYRV73V","jessicahernandez@gmail.com","Test1234","Employee","01GWFN948CRM891JZ0S4KRDDNJ"
"01GX9CJ4P6GMJGVJ6E6294MTDA","summerjoseph@gmail.com","Test1234","Employee","01GWFN948CR8D5RJWA2Y1KM3MC"
"01GX9CJ4P6J04NGYQS4X5BM1KX","michelespencer@gmail.com","Test1234","Employee","01GWFN948CNQ5X5R9VJH9YJTR2"
"01GX9CJ4P6KXZNAV7GS2E75081","andrewerickson@gmail.com","Test1234","Employee","01GWFN948CJEW5XBJGA2G65M2Q"
"01GX9CJ4P6QVXYKGPT2G4J26PB","donaldguerrero@gmail.com","Test1234","Employee","01GWFN948CJ39AT901WSZ1C9YW"
"01GX9CJ4P6VV9YBCY7V1A2GKAV","donnaconway@gmail.com","Test1234","Employee","01GWFN948CDJF2P1CHKMRM60T8"
"01GX9CJ4P6WQG9BCR21VXRCWER","donnabishop@gmail.com","Test1234","Employee","01GWFN948CDF7NF61DPM95F8JV"
"01GX9CJ4P6XNAXSNYC49MJ7AJX","haleyking@gmail.com","Test1234","Employee","01GWFN948CBAVGMHY751AXCQ58"
"01GX9CJ4P72J4STQV6EVC0MJES","zacharyedwards@gmail.com","Test1234","Employee","01GWFN948C9397ZSWFX6BQ608R"
"01GX9CJ4P73WCXX3T4ZXRAPDSF","charlessmith@gmail.com","Test1234","Employee","01GWFN948C8E2DRV9WTJE9ZVC6"
"01GX9CJ4P75Z7QMBM18JQQJPH1","tonyanichols@gmail.com","Test1234","Employee","01GWFN948C4SPB64NMXNT2VRKY"
"01GX9CJ4P76WRZP79JQQM04R51","jerryjohnson@gmail.com","Test1234","Employee","01GWFN948C3WE0CG533MANG25Q"
"01GX9CJ4P77BKKFWH5B68ZDEC5","stephanieramsey@gmail.com","Test1234","Employee","01GWFN948BWAKP4Q0YZN0TS8NP"
"01GX9CJ4P77ESVZ88K2F0CPM5M","samuelortiz@gmail.com","Test1234","Employee","01GWFN948BTC7J8W7NQFDX7WDE"
"01GX9CJ4P7AE942D3EQ565ZB0M","jenniferpatterson@gmail.com","Test1234","Employee","01GWFN948BPP9S5PMD9VH4Q9NK"
"01GX9CJ4P7DWSNA2BPK4WJ9DKE","meaganmanning@gmail.com","Test1234","Employee","01GWFN948BKJRX22M4VPZHCQ4X"
"01GX9CJ4P7EA28KX4TG16NYK64","cheryllyons@gmail.com","Test1234","Employee","01GWFN948BK9P0Q3KWB59ETKRW"
"01GX9CJ4P7FXVBCHM0P21EG46Z","donaldbailey@gmail.com","Test1234","Employee","01GWFN948BJSF0BVR0F4YFEHG7"
"01GX9CJ4P7G3D4RDWRAVBKZ1EV","tiffanyjuarez@gmail.com","Test1234","Employee","01GWFN948BJP5X3Y6YV6HZ113B"
"01GX9CJ4P7HAZST9T0TCZC5AGN","marioward@gmail.com","Test1234","Employee","01GWFN948BJA8MRGJ96X2G69HW"
"01GX9CJ4P7MQBPE0ZNH1YVMRV9","jadelong@gmail.com","Test1234","Employee","01GWFN948BGV9M1XZDP3R51W3S"
"01GX9CJ4P7QJFJS02JTG3HCW0E","tanyaarmstrong@gmail.com","Test1234","Employee","01GWFN948BFNKYPX5274PEKRHA"
"01GX9CJ4P7RF7ESQ3J0784NDS8","melissamiller@gmail.com","Test1234","Employee","01GWFN948BE18NRJVGSN356S5W"
"01GX9CJ4P7WJ7QVD1XBBTCW2NX","chelseaevans@gmail.com","Test1234","Employee","01GWFN948BB514K4D4GNK3CP53"
"01GX9CJ4P7YA8AX410BPHCA6C5","arthurcarr@gmail.com","Test1234","Employee","01GWFN948BB0HPYT39YKEN80VJ"
"01GX9CJ4P8JV234JVQG9XWAC9Y","michaelrodriguez@gmail.com","Test1234","Employee","01GWFN948B9E2PJ7E0JCBKRFMJ"
"01GX9CJ4P9C71YYZ4R1XXND238","ravenwilson@gmail.com","Test1234","Employee","01GWFN948B7DXBZTHGM43RQBZE"
"01GX9CJ4P9R6EBPDYR1TS63BB1","ericgonzalez@gmail.com","Test1234","Employee","01GWFN948B5WFQSMD68AJRXD99"
"01GX9CJ4PA2W6VB1G04XD00KRY","matthewjones@gmail.com","Test1234","Employee","01GWFN948B53P4XQ6ZYNFSZN0A"
"01GX9CJ4PA3AEVZN8278N0E0XJ","heathermontgomery@gmail.com","Test1234","Employee","01GWFN948AZJNRJGG2Z1MWDZ5B"
"01GX9CJ4PA6MGS9NR826ENJA4D","kevindiaz@gmail.com","Test1234","Employee","01GWFN948AYR8QHA9ZQWNY3K2X"
"01GX9CJ4PA71AQW7ASCMMSJ8CY","samanthamendez@gmail.com","Test1234","Employee","01GWFN948ANB0TRGH3NVXDWQ8D"
"01GX9CJ4PADVF19HWVDC9HCK7G","mariamcgee@gmail.com","Test1234","Employee","01GWFN948AKPWETRD36ZYBAM0N"
"01GX9CJ4PAESHCNBQGC658NPC2","michaelferrell@gmail.com","Test1234","Employee","01GWFN948AHM4SQS2W9VGYS79A"
"01GX9CJ4PAJX0KMQCQXY1CNKXX","saralee@gmail.com","Test1234","Employee","01GWFN948AHA0BM7MXF2MY5WGJ"
"01GX9CJ4PAK3W270DE5XQDB0MT","nicholassanchez@gmail.com","Test1234","Employee","01GWFN948AE8078WY3FV2KEMNC"
"01GX9CJ4PAKJDM2J40T88B4G7V","johnmoore@gmail.com","Test1234","Employee","01GWFN948AE3JYQ057XS3F0TQZ"
"01GX9CJ4PAM1M45PPFGNEHT5RK","ginajackson@gmail.com","Test1234","Employee","01GWFN948ACP12SQHVAZ0V6PBH"
"01GX9CJ4PANV1MKF7RMTR3TSQM","michelleevans@gmail.com","Test1234","Employee","01GWFN948ACAVQSNC7XV2TDKRQ"
"01GX9CJ4PAPYC2AYP70MAGPX6J","joeltaylor@gmail.com","Test1234","Employee","01GWFN948A97H0HBPBV34X521B"
"01GX9CJ4PAS3ZWKNN7X32J5G8K","yolandamartinez@gmail.com","Test1234","Employee","01GWFN948A7TWSAJKXWZ57V5C4"
"01GX9CJ4PASGZYK9PHGR0PYXW2","sonyacampbell@gmail.com","Test1234","Employee","01GWFN948A5ZVZD2H408ZWTX20"
"01GX9CJ4PAW0SA6Y0GAWC0EMV4","elizabetheverett@gmail.com","Test1234","Employee","01GWFN948A5RP4GKR9PWPDFMY0"
"01GX9CJ4PB04YHE4VY5SEX76PG","taylormunoz@gmail.com","Test1234","Employee","01GWFN948A5N5BC5MSJGSB7BTW"
"01GX9CJ4PB96ED76F3ZKYSEKH1","jessehall@gmail.com","Test1234","Employee","01GWFN948A4WEECSG3Z7X9KA68"
"01GX9CJ4PBAH0DBX1V431VBH5X","matthewbaker@gmail.com","Test1234","Employee","01GWFN948A4ENWYJSGGYSJ78T6"
"01GX9CJ4PBCA7SP824ES2NM3TV","jasonmorales@gmail.com","Test1234","Employee","01GWFN948A309ZNB44F3XHYZ09"
"01GX9CJ4PBCKVHF86XY2T3RJFF","michaelramsey@gmail.com","Test1234","Employee","01GWFN948A1GW7949HHW9365EB"
"01GX9CJ4PBE6M9GWWV8WGZMXQW","janereynolds@gmail.com","Test1234","Employee","01GWFN9489ZKHXZ4HDHDF3H9A4"
"01GX9CJ4PBH7TPX4F4GG5P2HF7","marksmith@gmail.com","Test1234","Employee","01GWFN9489XEJ6W1TDZYW8K3NS"
"01GX9CJ4PBHCAK6JS019GEPE6F","robertthomas@gmail.com","Test1234","Employee","01GWFN9489TNRMSZA13X7XBEQ0"
"01GX9CJ4PBJSEZ3BH5YCQDFJV0","travismckinney@gmail.com","Test1234","Employee","01GWFN9489SZB3P73HXJ9YD077"
"01GX9CJ4PBK6HCR82Q4ZPGAQ28","samanthamcclain@gmail.com","Test1234","Employee","01GWFN9489N59D058RSYCJJ1JC"
"01GX9CJ4PBM0DY3RRMTJR3JWB9","richardsmith@gmail.com","Test1234","Employee","01GWFN9489KW0VDF16HMH59WVV"
"01GX9CJ4PBMKQW8M6JWKQ7BKJS","richardtate@gmail.com","Test1234","Employee","01GWFN9489JNSKA9327P2S2JCS"
"01GX9CJ4PBTNEQGXQM8ZF82M0R","johnlittle@gmail.com","Test1234","Employee","01GWFN9489J979F2NEK0PXF80W"
"01GX9CJ4PBVWN9V2ZGVEC2D554","racheldominguez@gmail.com","Test1234","Employee","01GWFN9489HRBXADVY11JPZHEE"
"01GX9CJ4PBX0CWAR3C07EZ6FW6","moniquefarmer@gmail.com","Test1234","Employee","01GWFN9489D7XFG4HRKZ086FNQ"
"01GX9CJ4PBXDW6JX2Y4CFN58K6","lauralewis@gmail.com","Test1234","Employee","01GWFN9489D2PREAST0QVFSAN9"
"01GX9CJ4PC0PFYC75R9Y013B97","gabriellehunt@gmail.com","Test1234","Employee","01GWFN94899N8D6SNW99K8N1V0"
"01GX9CJ4PC13F5FZYM9EZD7PMA","ivantaylor@gmail.com","Test1234","Employee","01GWFN948999N8RPWFKBX56E4Q"
"01GX9CJ4PC3WV0DZ0MRCZCDDX7","anthonywoods@gmail.com","Test1234","Employee","01GWFN94896778YKGA3540PW8G"
"01GX9CJ4PC4WH7RNCBJDP7PY2Q","colleenbass@gmail.com","Test1234","Employee","01GWFN9489552ZCCPSM4W1BTRW"
"01GX9CJ4PC69PEDCBG0DTCDNYB","marythomas@gmail.com","Test1234","Employee","01GWFN94894BV6N6XEQ5GZ1JCH"
"01GX9CJ4PC7SH9WX8912SHA6JX","debrabrooks@gmail.com","Test1234","Employee","01GWFN9489171A5MZ42S57YZ6A"
"01GX9CJ4PCDCSHECTRZSDY1FB1","michaelmartinez@gmail.com","Test1234","Employee","01GWFN9488ZCB35VHWBA61Z5YR"
"01GX9CJ4PCFC4KRFCFSB6AYNZV","kathleenlowery@gmail.com","Test1234","Employee","01GWFN9488XWQ5KR10E9SV40X9"
"01GX9CJ4PCJ1WRBSS8C8KN81EH","michelleross@gmail.com","Test1234","Employee","01GWFN9488XH2K5JEW12Y9PP2Q"
"01GX9CJ4PCMBT0Z7HPHZPQ9T1P","shannonboone@gmail.com","Test1234","Employee","01GWFN9488VRGNB1RKWQDYZVF5"
"01GX9CJ4PCP0ZJ3YCQMCB4ZKDR","kellyevans@gmail.com","Test1234","Employee","01GWFN9488RASND5A815W7QRJ3"
"01GX9CJ4PCPS3BDWMY7TKD0SYY","kennethtucker@gmail.com","Test1234","Employee","01GWFN9488PW0CQNJMXX6B2414"
"01GX9CJ4PCR0TPWB1S2RVZFMVT","cherylwallace@gmail.com","Test1234","Employee","01GWFN9488NFA2E6Z4RQVM99CR"
"01GX9CJ4PCV4N8DTV4550Q1XZT","jaygreen@gmail.com","Test1234","Employee","01GWFN9488KHVPRCB3HQGXCRDT"
"01GX9CJ4PCVY1P0Y3105CZKZRD","sophiawilson@gmail.com","Test1234","Employee","01GWFN9488JH0FTGTN3WST2NX7"
"01GX9CJ4PCY1NEE929XH41ZPCF","susanmason@gmail.com","Test1234","Employee","01GWFN9488ERK0JM3FPMXWTACV"
"01GX9CJ4PD2QTNDJ88YFT4KZ27","dianadixon@gmail.com","Test1234","Employee","01GWFN9488EA1S0QZNM8YF5A4Z"
"01GX9CJ4PD38Q32Q88PZHC0VMN","dawnnavarro@gmail.com","Test1234","Employee","01GWFN9488E2AEWK295V7HYPT0"
"01GX9CJ4PD4TTN55X22Q8Q2WTX","juanroberts@gmail.com","Test1234","Employee","01GWFN9488A8CADYPAH65AHQ0J"
"01GX9CJ4PDDB2KM0T1ADW69813","dennisguzman@gmail.com","Test1234","Employee","01GWFN94889YK5232S286DZAZT"
"01GX9CJ4PDEEW7M77SJ0V65CM7","luisphillips@gmail.com","Test1234","Employee","01GWFN94884H0EC1XT1E82Y6DT"
"01GX9CJ4PDF5VTGCH6T8Z6HRAM","curtismarshall@gmail.com","Test1234","Employee","01GWFN94883X0WC8RWCFKFSHPH"
"01GX9CJ4PDFJ3RVWA40GFWJ9RJ","kellieross@gmail.com","Test1234","Employee","01GWFN94881GTDKJMZGG1W1KH2"
"01GX9CJ4PDHWR0XMC84CMBMVXE","barbaragardner@gmail.com","Test1234","Employee","01GWFN94880A55VR3CSTVDSHE1"
"01GX9CJ4PDKXD24XBSJ5NKAZYB","danielrussell@gmail.com","Test1234","Employee","01GWFN948800EX2VXFHKSQG0EG"
"01GX9CJ4PDMPFMA17YTWAGA9KX","rebeccathompson@gmail.com","Test1234","Employee","01GWFN9487Z53DAQ291AVCCJXX"
"01GX9CJ4PDPSTC28789WK283GR","josephsosa@gmail.com","Test1234","Employee","01GWFN9487W68ECHHAVVAQJFKQ"
"01GX9CJ4PDS2XGVHA2MVMK9MPZ","leahjohnson@gmail.com","Test1234","Employee","01GWFN9487RS4V9ME5JW54NHZK"
"01GX9CJ4PDSZZPWAWR51YFGFCQ","moniquelopez@gmail.com","Test1234","Employee","01GWFN9487PVWHQEE0HTH7R28F"
"01GX9CJ4PDTD23HP10S1VS37MZ","conniebrown@gmail.com","Test1234","Employee","01GWFN9487NQWTB3Z8QWF47GZP"
"01GX9CJ4PDYQR6YAADYCN548A5","brianbarnes@gmail.com","Test1234","Employee","01GWFN9487N725JE372T5775XV"
"01GX9CJ4PE7PFMXR6XMFTKZF86","katiegaines@gmail.com","Test1234","Employee","01GWFN9487MJ18GM7XDX0K5C5W"
"01GX9CJ4PE9PWCXNJJZ26TVWX1","dominicmcdonald@gmail.com","Test1234","Employee","01GWFN9487GGB60G5ZSSCR8TPM"
"01GX9CJ4PEE68BHS861HNKBZZ7","karenreilly@gmail.com","Test1234","Employee","01GWFN9487FHM621MVRT5Z42RH"
"01GX9CJ4PEE8C032AJDFZYTFFR","cassidyandersen@gmail.com","Test1234","Employee","01GWFN9487F4SWEPDBRMBTD235"
"01GX9CJ4PEKRFAMPDAWJ35YC38","courtneymejia@gmail.com","Test1234","Employee","01GWFN9487F44R4DYYHE929G7C"
"01GX9CJ4PEPCN2GG027C40R1W4","pauledwards@gmail.com","Test1234","Employee","01GWFN9487DSTCBDKC1M29DMSP"
"01GX9CJ4PEQ1J72871TTEVFS5Y","kimberlycooper@gmail.com","Test1234","Employee","01GWFN9487BRESG32B5JHFZDWF"
"01GX9CJ4PESPMVFYYG80MEXXJ2","davidwilliams@gmail.com","Test1234","Employee","01GWFN94878PZ3YNN3M8TBANJE"
"01GX9CJ4PET2FY2Q0YQCMGRVVA","kristinastuart@gmail.com","Test1234","Employee","01GWFN94877G215AHV3KXTSETC"
"01GX9CJ4PEW2YFQGXFFAGT28VK","davidcampbell@gmail.com","Test1234","Employee","01GWFN948722WV769GD3GZ6XFT"
"01GX9CJ4PEXXJR65CH763ZTRAD","marissabrooks@gmail.com","Test1234","Employee","01GWFN9486WB473YFGCNPSY1EK"
"01GX9CJ4PEXZ4AX6T3HJVEV2RW","jamiecaldwell@gmail.com","Test1234","Employee","01GWFN9486VFE3PB1D5X2DNN18"
"01GX9CJ4PEXZK7E3G37TNF1NDQ","oliviatodd@gmail.com","Test1234","Employee","01GWFN9486QMQRF0XHEV3FJ0BA"
"01GX9CJ4PEYVBNJTC9A9T0XCYF","kevinpennington@gmail.com","Test1234","Employee","01GWFN9486NCKQKTNWNJT1RHFG"
"01GX9CJ4PEZNQSR0MMCXEJA6DB","kristenjohnston@gmail.com","Test1234","Employee","01GWFN9486MJ9HHK605DJKP6SX"
"01GX9CJ4PF1WMJM6FEH38X93H1","suejohnson@gmail.com","Test1234","Employee","01GWFN9486KE0N1BGR5A6HF76Z"
"01GX9CJ4PF1ZN96CJKSY9795PP","kimberlywalker@gmail.com","Test1234","Employee","01GWFN9486JV4TH70NBCDZKQ1D"
"01GX9CJ4PF5FKV4ZVBB0N771T6","ricardobeasley@gmail.com","Test1234","Employee","01GWFN9486GK6KN95TPXYX4DSW"
"01GX9CJ4PF70GHQGMZRE0RJPN0","patrickpage@gmail.com","Test1234","Employee","01GWFN9486GJ2T0K556Z1QHD3F"
"01GX9CJ4PFAJBP6NR7ZNMA5Z5P","randywade@gmail.com","Test1234","Employee","01GWFN9486DQ0VZTP8QVZ7F3F5"
"01GX9CJ4PFAJMFMECA7TES119W","tracycastillo@gmail.com","Test1234","Employee","01GWFN94869ABA8TZ5RV3NDWM6"
"01GX9CJ4PFDWEQ479R78CEHYH4","lindaroberts@gmail.com","Test1234","Employee","01GWFN94866ZTJJCMMWF4SFRA6"
"01GX9CJ4PFEHXX9T982Y5D8R48","jessedawson@gmail.com","Test1234","Employee","01GWFN94866N203T0HRATYGQAD"
"01GX9CJ4PFNTQFEMX4JT0RFM72","veronicamendoza@gmail.com","Test1234","Employee","01GWFN94864MTHXXSEMAAQVAZA"
"01GX9CJ4PFNVCG357NCEWN75SQ","toddray@gmail.com","Test1234","Employee","01GWFN94860M0X8WTE3M1E8EEH"
"01GX9CJ4PFPXM38AB7EZGRSNAK","traceygreen@gmail.com","Test1234","Employee","01GWFN9485YDNKDCK9N3XVPY09"
"01GX9CJ4PFR0G4C7BQBP93BJKS","jameshansen@gmail.com","Test1234","Employee","01GWFN9485SYF6ZA8B0FK1KJQR"
"01GX9CJ4PFR8H4JHZW9DRESA7K","bethwilliams@gmail.com","Test1234","Employee","01GWFN9485RVA0TAW7AV348BMQ"
"01GX9CJ4PFSKDNQHA4MH44YDTZ","thomasbrown@gmail.com","Test1234","Employee","01GWFN9485Q2AR83VNQKH812FV"
"01GX9CJ4PFTDFCA2DZD2MG1SA5","tammywilliams@gmail.com","Test1234","Employee","01GWFN9485HSHJY8EFEQPPKVTQ"
"01GX9CJ4PFZR6RWY8FRX56779V","dr.ambergarcia@gmail.com","Test1234","Employee","01GWFN9485GPJRQ9203JYSEDPG"
"01GX9CJ4PG1W55JNFDNS4SGD6N","jenniferlynch@gmail.com","Test1234","Employee","01GWFN9485F1EJDATY02RM6DQP"
"01GX9CJ4PG2AM6S1QVKWA1ZD1B","johngutierrez@gmail.com","Test1234","Employee","01GWFN9485CY97PPTXXKJBH4M9"
"01GX9CJ4PG5MCWAD7KBTZ4X1QJ","elizabethlee@gmail.com","Test1234","Employee","01GWFN94859PG02RSJ94NX5FX1"
"01GX9CJ4PG7R3D47C077ANMW5A","michaeljones@gmail.com","Test1234","Employee","01GWFN948588NDFK2X4M0T1HDE"
"01GX9CJ4PG9AVKGFY9NB1ZYXXX","sharonperry@gmail.com","Test1234","Employee","01GWFN9485561YW8HWTQBCRXKY"
"01GX9CJ4PGAQZVQHP9JR42FXZ7","franceshaynes@gmail.com","Test1234","Employee","01GWFN94854B0HF0HEWZSX3GHE"
"01GX9CJ4PGAV1D7DDD2Y44C4HQ","mikesmith@gmail.com","Test1234","Employee","01GWFN94853WZ4SNR0WMFQF2S5"
"01GX9CJ4PGFA2VJG043YXM62DV","davidjohnson@gmail.com","Test1234","Employee","01GWFN94852R148PKCQ26XWPXC"
"01GX9CJ4PGFDTRP6KH4G75CYBB","gloriamartinez@gmail.com","Test1234","Employee","01GWFN94851XT5ANG98WDBB5HD"
"01GX9CJ4PGJV2HK2W2H6Z65227","stephenhall@gmail.com","Test1234","Employee","01GWFN94851KYXJ40CYV8WTMPS"
"01GX9CJ4PGMXKN29WBB0KJ3RN9","adrianrocha@gmail.com","Test1234","Employee","01GWFN94850A55PM1536G6741E"
"01GX9CJ4PGQ5R71V5Z3YF47YG9","hollywells@gmail.com","Test1234","Employee","01GWFN9484TGZ5EQHJXB5YMJK9"
"01GX9CJ4PGT0PJF8JP98K479DZ","alexbrown@gmail.com","Test1234","Employee","01GWFN9484R5P3YACXK7GGG389"
"01GX9CJ4PGW0DH9TAP92VKCZQK","meghandennis@gmail.com","Test1234","Employee","01GWFN9484R0CBWKKDKFPFZ62V"
"01GX9CJ4PGWM4SQ4ACEZZ0T16R","kathleenmejia@gmail.com","Test1234","Employee","01GWFN9484P5V5C1WXW1TR67F7"
"01GX9CJ4PGWZ33EK8FRV23FBJ6","chrisdavis@gmail.com","Test1234","Employee","01GWFN9484JQ1ADJ96XGQAY6S2"
"01GX9CJ4PGYETE6X7TJ8X5VF69","jordancollins@gmail.com","Test1234","Employee","01GWFN9484JAYDS3013DRMGN10"
"01GX9CJ4PH7KBNXRQWXN8SJK8H","georgegarcia@gmail.com","Test1234","Employee","01GWFN9484GSSSMRQ8ESPMB1M3"
"01GX9CJ4PH7N6HGGTDC8NP48RZ","josehopkins@gmail.com","Test1234","Employee","01GWFN9484FPS16AJMH1ES3QR1"
"01GX9CJ4PH7WVAECT67CAYR45G","isabellanelson@gmail.com","Test1234","Employee","01GWFN9484F8FJCX8Q9M46YMQ0"
"01GX9CJ4PHAH9NBQ52DVM50B0D","alexandermontgomery@gmail.com","Test1234","Employee","01GWFN9484DEHMZG9HZGQFBXXG"
"01GX9CJ4PHCGRYQ1MGHAVD0SSE","marysanchez@gmail.com","Test1234","Employee","01GWFN94849XWCA9RBE9D15KM8"
"01GX9CJ4PHERG22MHE0WWQ5NKF","eugenewagner@gmail.com","Test1234","Employee","01GWFN94849SS3KR9HP1FPEHVM"
"01GX9CJ4PHH43Q17ESXG6T4QVR","melissafletcher@gmail.com","Test1234","Employee","01GWFN948491CJRZJ6X1JPWZP8"
"01GX9CJ4PHK8XQRBE36TWT2B9G","carolynmartinez@gmail.com","Test1234","Employee","01GWFN94847DG6H9RWFS656X1F"
"01GX9CJ4PHMQ2TPEKW1HY8262R","biancarodriguez@gmail.com","Test1234","Employee","01GWFN94843G7R2NRZ2BP57P77"
"01GX9CJ4PHNJJJMMKP35AXMPPT","gregorymccarthy@gmail.com","Test1234","Employee","01GWFN94841BD38CRPB679CYRF"
"01GX9CJ4PHNNK9BN093MTBXZGQ","suzannetaylor@gmail.com","Test1234","Employee","01GWFN9483ZPXTMQMHZY6QDH5Y"
"01GX9CJ4PHQEP1KZH415Z5N0YZ","charleswright@gmail.com","Test1234","Employee","01GWFN9483YNVSJZ1DJV4TF77H"
"01GX9CJ4PHQG949GVWT35WAWCK","williamramirez@gmail.com","Test1234","Employee","01GWFN9483VFNPN810C3M9QN8C"
"01GX9CJ4PHQZZKJB828TAM6MSP","stevenlucero@gmail.com","Test1234","Employee","01GWFN9483RF14F2130CE9S6KP"
"01GX9CJ4PHRB7CY42AYA3KC9A9","thomasgill@gmail.com","Test1234","Employee","01GWFN9483RD87ATREWM81P4KE"
"01GX9CJ4PHT4MKYFT2KEWX00JG","susankelly@gmail.com","Test1234","Employee","01GWFN9483P70V45WHM932H2XJ"
"01GX9CJ4PHT71PDAYMNE1RV9AZ","brandondecker@gmail.com","Test1234","Employee","01GWFN9483H8ZPMA8QVMSZFVD3"
"01GX9CJ4PHXA573X0SRNT8HMG4","christinedavidson@gmail.com","Test1234","Employee","01GWFN9483G1HYVFBFST6N0PSN"
"01GX9CJ4PJVB0ZXHEGY7E44NF8","chelseamelton@gmail.com","Test1234","Employee","01GWFN9483D3AJJ2HD5081H537"
"01GX9CJ4PK1B0C7G2ZP7HZMYGZ","ms.lindagarrettmd@gmail.com","Test1234","Employee","01GWFN9483CJ7ZBA5YCPEZMNW5"
"01GX9CJ4PK3T1DAECWH3CQKDKC","markvasquez@gmail.com","Test1234","Employee","01GWFN948376MTS42FDKA0QCJR"
"01GX9CJ4PK5CHGD1W0BXB4AJN8","mistyhowe@gmail.com","Test1234","Employee","01GWFN94836JX28AGKRC2CZ09X"
"01GX9CJ4PK5TRY70AE2V1GJ3CZ","davidjohn019@gmail.com","Test1234","Employee","01GWFN94835NJ5EDPRBNFF94R1"
"01GX9CJ4PK8ZX0DC8V8JDPDJXM","jerrymyers@gmail.com","Test1234","Employee","01GWFN94832Z3ASJREBFFMN0P0"
"01GX9CJ4PKA5TS0CVZE3PDSB57","elizabethallen@gmail.com","Test1234","Employee","01GWFN948322Y3DET6EW7Y8BC6"
"01GX9CJ4PKBB6KAMTBW6ZY0DJ9","stephaniehernandez@gmail.com","Test1234","Employee","01GWFN948313PJZPW40EH1M6XW"
"01GX9CJ4PKBG5SVTA1912QWD5S","kristinweaver@gmail.com","Test1234","Employee","01GWFN9482YWBP2ZA5MJ0VQV0P"
"01GX9CJ4PKCJPMB1XGVWHG7A7A","cherylwilson@gmail.com","Test1234","Employee","01GWFN9482X2HM9ZYT7CCHR0J0"
"01GX9CJ4PKE2SCDEJNC9VE1E72","jenniferlewis@gmail.com","Test1234","Employee","01GWFN9482W4415DM3GNVSKSXV"
"01GX9CJ4PKFSVMF1S0PSJDPGVS","nicholasadams@gmail.com","Test1234","Employee","01GWFN9482T15T85GESSPE9NQ4"
"01GX9CJ4PKFW12NM830TBHJMJW","isabeljohnson@gmail.com","Test1234","Employee","01GWFN9482PGHJ7XYH5H1VHP5J"
"01GX9CJ4PKHTPNKKGNQGWCHKC2","dianarivera@gmail.com","Test1234","Employee","01GWFN9482K1W91EY7D4BSVXQ1"
"01GX9CJ4PKNB428MY39ZSR50CS","amandafarmer@gmail.com","Test1234","Employee","01GWFN9482DP66QYZJN5FDVKTX"
"01GX9CJ4PKQSM72E1998DYGBCY","dustinelliott@gmail.com","Test1234","Employee","01GWFN9482B56REWBV0JQBS67Z"
"01GX9CJ4PKXJKKYJ40Q5C3ADD2","juliaknox@gmail.com","Test1234","Employee","01GWFN9482AX4Z5GPAJQNZSTF9"
"01GX9CJ4PKY0EGS2N52BD5DQS9","veronicamcclain@gmail.com","Test1234","Employee","01GWFN9482AE46M1F6D6ZAZ90A"
"01GX9CJ4PKYAVYK618T7FVTWV1","aaronanderson@gmail.com","Test1234","Employee","01GWFN94827BWXJBRCCCTWAVJA"
"01GX9CJ4PM4PER93249V4PT93R","glendawilliams@gmail.com","Test1234","Employee","01GWFN94826SBGGRBP5N8G6QTW"
"01GX9CJ4PM5KHA7H1M3VSYDVBM","lisawu@gmail.com","Test1234","Employee","01GWFN94822WR4X6P9JYXEM6W3"
"01GX9CJ4PM5NQ49TRYPQZXKTF0","gregorysmith@gmail.com","Test1234","Employee","01GWFN94822MTBS711YAAAWJY2"
"01GX9CJ4PM5ZFY3B44GX5XSP8D","cesarwilliams@gmail.com","Test1234","Employee","01GWFN948211128QB7J97B2886"
"01GX9CJ4PMCACPF5QDSV1MMJN5","tayloranderson@gmail.com","Test1234","Employee","01GWFN94820EF4DKAY3V50B5Y5"
"01GX9CJ4PMEE8GHA8WAAPRT260","sharonhenderson@gmail.com","Test1234","Employee","01GWFN9481ZBEBTHJQTWJJ96AH"
"01GX9CJ4PMFNBX35AK8C23QDCA","adamwalters@gmail.com","Test1234","Employee","01GWFN9481YH9Q99F5K0GS292F"
"01GX9CJ4PMHJ0Z3RK0WE8D5M4Q","dorisramirez@gmail.com","Test1234","Employee","01GWFN9481V47KYQPBGHDSAACD"
"01GX9CJ4PMHTT931Y36XC1ZDDC","williambrown@gmail.com","Test1234","Employee","01GWFN9481SA6Q7QHBEMA0ZKV9"
"01GX9CJ4PMK40YZF43EDT4XSHF","tanneroneill@gmail.com","Test1234","Employee","01GWFN9481QRNHPYZ18ZZ568CA"
"01GX9CJ4PMNXYJG2FX7J9NF9YA","matthewsnyder@gmail.com","Test1234","Employee","01GWFN9481P6ZRJ19HZZSCJHYP"
"01GX9CJ4PMRH6M7SP2N3GA0ZEW","matthewbrown@gmail.com","Test1234","Employee","01GWFN9481ND2GCBBEPBJQD6ZH"
"01GX9CJ4PMRMA3X8HQ31Q589BH","michaelchen@gmail.com","Test1234","Employee","01GWFN9481MVK5CP9JJG1SJKAP"
"01GX9CJ4PMS4JVAG5WRKR1A7GK","matthewzimmerman@gmail.com","Test1234","Employee","01GWFN9481MEK487BPTKKM2RDE"
"01GX9CJ4PMVF9BMQM7CXWH820N","breannaburton@gmail.com","Test1234","Employee","01GWFN9481D60GZ643C7VSMPZ3"
"01GX9CJ4PMY3S42215FP0D8400","danielpennington@gmail.com","Test1234","Employee","01GWFN9481CDXY4H9W8RKG5FGH"
"01GX9CJ4PMZMY3YQBY5BSNNQ6K","jonathangraves@gmail.com","Test1234","Employee","01GWFN9481B0SWZEC6FK1XJ34Y"
"01GX9CJ4PN5W1S9HK4V3FMCEF6","lynnmartinezphd@gmail.com","Test1234","Employee","01GWFN94818EMVS0ZWH125W3JP"
"01GX9CJ4PN632ZT8KESXVMNWMG","jeffreybell@gmail.com","Test1234","Employee","01GWFN94814BRE5698NVSA77D1"
"01GX9CJ4PN6D9GFCK7523F7MCP","monicahernandez@gmail.com","Test1234","Employee","01GWFN9480WF76MCSGWEQD8ZT2"
"01GX9CJ4PN7V3C0A3JQJ82DEP7","kimberlyhuber@gmail.com","Test1234","Employee","01GWFN9480W8ZE0ADGVPEFPTTB"
"01GX9CJ4PN8NWZM8DN0WTDT9W2","stevenjarvis@gmail.com","Test1234","Employee","01GWFN9480QAZFQAC8QE9RYKTG"
"01GX9CJ4PNB78XGWERVEZBKZRE","christopherevans@gmail.com","Test1234","Employee","01GWFN9480NDMZBCNTE0BB83FA"
"01GX9CJ4PNCCZ11ZX0XKBR14HT","brianasnyder@gmail.com","Test1234","Employee","01GWFN9480HHP9ZKQPDZDQX8EV"
"01GX9CJ4PND2W2CSF6RYRMWDQ4","franklambert@gmail.com","Test1234","Employee","01GWFN9480EWV48V2F3W2KAN0Y"
"01GX9CJ4PND4AZM73FYDBD05AR","micheledavismd@gmail.com","Test1234","Employee","01GWFN9480BRW4QFPF7K9HD5J9"
"01GX9CJ4PNGZMCC50GP451PAFF","amandamarsh@gmail.com","Test1234","Employee","01GWFN94809DX1KS3ND33ZSSX5"
"01GX9CJ4PNJ01ARYYQ1TXA5Z8H","ericstewart@gmail.com","Test1234","Employee","01GWFN948079GEVDC13E3METTS"
"01GX9CJ4PNQ3W3WT4RZ021J8WH","kaylajacobs@gmail.com","Test1234","Employee","01GWFN948078GTSM8RSDFTHTYM"
"01GX9CJ4PNS60Y5F19MKPC55P3","joshuagarcia@gmail.com","Test1234","Employee","01GWFN94806VK45WFJBPNZYQMS"
"01GX9CJ4PNTJ7J94P7B6V7J712","annaanderson@gmail.com","Test1234","Employee","01GWFN94804GN8HRR65MREARFQ"
"01GX9CJ4PNW6RSVQE29XJKB1EC","jacobhayes@gmail.com","Test1234","Employee","01GWFN94803Y3RXS639S7SKV82"
"01GX9CJ4PNX55TYA5XCQRZ1GN7","tammybrandt@gmail.com","Test1234","Employee","01GWFN94801GXR036J88PBBJCM"
"01GX9CJ4PNY73NEAKPTSWYGNJE","taramorgan@gmail.com","Test1234","Employee","01GWFN947ZZ0NBJZ5D4CVW832M"
"01GX9CJ4PP49XA1PV9F146PR38","stevenjohnson@gmail.com","Test1234","Employee","01GWFN947ZWRV8A2JEZMSGHHTX"
"01GX9CJ4PP51Y931DFGXZ4VHWF","autumnlopez@gmail.com","Test1234","Employee","01GWFN947ZT24Y23JSAE7D4AD2"
"01GX9CJ4PP73ZP99STPF8X6QT1","derrickdaniel@gmail.com","Test1234","Employee","01GWFN947ZSZC7W7KQEMGWM3NF"
"01GX9CJ4PP9AR2BEZEFM5MFDFF","mr.markjohnsondds@gmail.com","Test1234","Employee","01GWFN947ZR9A224XQEBR4K82C"
"01GX9CJ4PP9WMB1KVNZ79GSF5J","samanthabyrd@gmail.com","Test1234","Employee","01GWFN947ZQ2K4JGV9GJ76VR9H"
"01GX9CJ4PPB0M700GTATCZJ62A","pamelaanthony@gmail.com","Test1234","Employee","01GWFN947ZMG4K4S5J060SNVCH"
"01GX9CJ4PPE20GXDR031NRAFQP","stephaniespencer@gmail.com","Test1234","Employee","01GWFN947ZGXDHKG762MVB47MH"
"01GX9CJ4PPEHDF6PMEKB9BHDAJ","brandonedwards@gmail.com","Test1234","Employee","01GWFN947ZFSA6WAV2RZA4GSRQ"
"01GX9CJ4PPF4D450CSY4KBR321","kathywallace@gmail.com","Test1234","Employee","01GWFN947ZFFRWMQTYB3Z2N8QQ"
"01GX9CJ4PPFWZBN7QP8Q3WDFF0","mitchellduarte@gmail.com","Test1234","Employee","01GWFN947ZCT1EVRE1D65DX78J"
"01GX9CJ4PPHM8PST7NG08C488K","laurenblair@gmail.com","Test1234","Employee","01GWFN947ZAWVTPEZK8WBBJBGN"
"01GX9CJ4PPHTQ73YS0PG3XJDD0","stevenford@gmail.com","Test1234","Employee","01GWFN947Z42P0TEV3XM6DPASB"
"01GX9CJ4PPJQMZ53CP4EKZPSHM","darrenrogers@gmail.com","Test1234","Employee","01GWFN947Z3207JE83TQ0415S0"
"01GX9CJ4PPPQANRDBNDBHTC4FM","jenniferwalton@gmail.com","Test1234","Employee","01GWFN947Z2DZWSCRQ7EVXQSJT"
"01GX9CJ4PPQJX9VWEBWBJXV0MP","justinwilson@gmail.com","Test1234","Employee","01GWFN947Z1R23NR7GH01JJ960"
"01GX9CJ4PPS7Y1Q1Q4PFDRXT6X","robinfoster@gmail.com","Test1234","Employee","01GWFN947Z0HCATPRYMFFXCWYD"
"01GX9CJ4PPWRFG8GPJGGCNQ446","damonbaxter@gmail.com","Test1234","Employee","01GWFN947YZM0BXZ8WJDR12K5F"
"01GX9CJ4PQ0H0JR8J9BM5WKB5R","kristenwilliams@gmail.com","Test1234","Employee","01GWFN947YQY3PEEBCAJHS4V6N"
"01GX9CJ4PQ65SMBHRD4AN2WQV9","gabriellelarson@gmail.com","Test1234","Employee","01GWFN947YQ3DHXCVX2F0N6FJH"
"01GX9CJ4PQ71CGGX72RN74G58S","thomassimmons@gmail.com","Test1234","Employee","01GWFN947YQ33S9WZ89M5E9WMW"
"01GX9CJ4PQA6H5X1JJJB1K2SS8","elizabethsimpson@gmail.com","Test1234","Employee","01GWFN947YPH4MXXRKDNYYH0XK"
"01GX9CJ4PQD4P4RP7Z25MA84A3","christinagonzalez@gmail.com","Test1234","Employee","01GWFN947YNRFFP03F4R67PRT8"
"01GX9CJ4PQDWWVVV7Z5YTYGCVP","anthonymcbride@gmail.com","Test1234","Employee","01GWFN947YHW7PBN3FKJPEEGAA"
"01GX9CJ4PQE73TD938PWWDCGH6","amandafitzpatrick@gmail.com","Test1234","Employee","01GWFN947YH98BMKK6RNSFR4V4"
"01GX9CJ4PQG4GRQXWP1RJGF69F","anitafernandez@gmail.com","Test1234","Employee","01GWFN947YH4Q2SPYVJE9YB1RS"
"01GX9CJ4PQKD4T3KVYB1RXJERV","kylemiller@gmail.com","Test1234","Employee","01GWFN947YGCFQVNYNJNHQNGQJ"
"01GX9CJ4PQNRCNCP4ADQHYTBJE","courtneydavis@gmail.com","Test1234","Employee","01GWFN947YCCWMYSVJHEYZ0KVD"
"01GX9CJ4PQQWM094H2XZVAZ8R2","matthewwallacedvm@gmail.com","Test1234","Employee","01GWFN947YA9DG9C0272MT0CK0"
"01GX9CJ4PQR4T142KEVZP4WGN8","kristinarobinson@gmail.com","Test1234","Employee","01GWFN947Y7G85F57G8HQN43XP"
"01GX9CJ4PQV8DK4QP8R0YAZZYA","michaelpaul@gmail.com","Test1234","Employee","01GWFN947Y59356C1WZB74B37H"
"01GX9CJ4PQVCW01ZATQ48T6W8H","kariclark@gmail.com","Test1234","Employee","01GWFN947Y2A2EDTA4Y2BVNTGQ"
"01GX9CJ4PQVQGVGQSGH05N13HM","kevincline@gmail.com","Test1234","Employee","01GWFN947Y1HSCJ1F4GB40V5N7"
"01GX9CJ4PQWKD0MBYMV8V7EHGN","lesliejohnson@gmail.com","Test1234","Employee","01GWFN947Y0PJAJAFEF9TP1796"
"01GX9CJ4PQYKTJTX48EH655GN8","chasegibson@gmail.com","Test1234","Employee","01GWFN947XZTZJ9F543E7BHC9E"
"01GX9CJ4PR09D66AK133CJ47CB","jamesgross@gmail.com","Test1234","Employee","01GWFN947XVP2TCBV2N9AFCCWX"
"01GX9CJ4PR10ZEEQPY4SJAP207","melvinnichols@gmail.com","Test1234","Employee","01GWFN947XR5Y7M0TZ1PWACJB1"
"01GX9CJ4PR32SK8SS0ZZPNNQ7E","davidbaker@gmail.com","Test1234","Employee","01GWFN947XNVM8J9A760Y0SQSV"
"01GX9CJ4PR77REMQAQ6NRYGBYS","jessicahurst@gmail.com","Test1234","Employee","01GWFN947XD3G6ZDZ2WAJJ4JY1"
"01GX9CJ4PRF6C2S57MHD4TKRYE","rickybrown@gmail.com","Test1234","Employee","01GWFN947XCFH8S777NDE043N3"
"01GX9CJ4PRGTR744SX835PB183","annbarnes@gmail.com","Test1234","Employee","01GWFN947XA45ZBB6C7Y4Z99TX"
"01GX9CJ4PRJ6J94X19SC7K3D7P","allisoncabrera@gmail.com","Test1234","Employee","01GWFN947X8W21TJHAM1E3QS7D"
"01GX9CJ4PRM661Q5PRH2YEFTHV","sarahwhitehead@gmail.com","Test1234","Employee","01GWFN947X77E6PNQ21JA9X1XK"
"01GX9CJ4PRMQKMAREYR5SJHRJ1","leahsimon@gmail.com","Test1234","Employee","01GWFN947X4ZHNNHGWTS66JD2D"
"01GX9CJ4PRMTF14DTBDSGBK8YP","kimberlylarson@gmail.com","Test1234","Employee","01GWFN947X3NDCACYNBS299Y83"
"01GX9CJ4PRMZ9DW44CMEG7TXT3","zacharylarson@gmail.com","Test1234","Employee","01GWFN947X2HXVJVVBJDA19C58"
"01GX9CJ4PRN897GB42AJBAJGTJ","michellebrown@gmail.com","Test1234","Employee","01GWFN947X1R15VKXD733R9SZH"
"01GX9CJ4PRP71SYBBGFNW564BB","justinbrown@gmail.com","Test1234","Employee","01GWFN947X0S05A86FW62SNDSF"
"01GX9CJ4PRQR5TRP25P36GHBSB","josephthomas@gmail.com","Test1234","Employee","01GWFN947WWV4Z8BS25YYRB1P7"
"01GX9CJ4PRV12PEVXEMPPA7194","jessicajackson@gmail.com","Test1234","Employee","01GWFN947WWBRC4KA45R9MB38P"
"01GX9CJ4PRVYSNGZGGEZM9ZEKT","patriciabarber@gmail.com","Test1234","Employee","01GWFN947WW7CHDHR9H0Z92QM4"
"01GX9CJ4PRWB9GY88MFM677Q5D","kennethclark@gmail.com","Test1234","Employee","01GWFN947WGX1M3ZNY8X3VFJBC"
"01GX9CJ4PRWZ83BYP2FRMHK7P2","jeffreycervantes@gmail.com","Test1234","Employee","01GWFN947WGMK3JT8EQGVKDM0B"
"01GX9CJ4PS0WMRGW9Q0S1713PY","lisajennings@gmail.com","Test1234","Employee","01GWFN947WF48XWWCYJM22TP4Q"
"01GX9CJ4PS5AWSV2EZDZ6Y0ZQG","edgarmeyers@gmail.com","Test1234","Employee","01GWFN947WE7A6PPZN133EF5F3"
"01GX9CJ4PS65AYRTA42Z971BCC","angieshaffer@gmail.com","Test1234","Employee","01GWFN947WE3N10V0MTHABWZ6H"
"01GX9CJ4PS6NFPAEVJX27Y2F50","richardlee@gmail.com","Test1234","Employee","01GWFN947WCH5Z68B4WHCMRF92"
"01GX9CJ4PS6ZCPK7HHJNTPMY2T","rebeccajones@gmail.com","Test1234","Employee","01GWFN947WCEGN5PKK2M3MJ39A"
"01GX9CJ4PS767PNAPAZ75ZZ6EH","jessicamorales@gmail.com","Test1234","Employee","01GWFN947W9A7NN2N9BEEA3J5B"
"01GX9CJ4PS8A5NMYW565KBTQ4M","rebeccathom910@gmail.com","Test1234","Employee","01GWFN947W24NNNN7EMZ7SPW0J"
"01GX9CJ4PS9X00KFX757TMGTGQ","christopherfrancis@gmail.com","Test1234","Employee","01GWFN947VYA26ZCKE22RR2ZZ9"
"01GX9CJ4PSC93WAGT7H21G640F","andrewryan@gmail.com","Test1234","Employee","01GWFN947VW21K480R5DHZ5A7C"
"01GX9CJ4PSCZRBKCPA7H7QR3FG","williamjohnson@gmail.com","Test1234","Employee","01GWFN947VTP5KRVHYA8GKKN3Z"
"01GX9CJ4PSFD6VCC5CW7DPGWAM","scottmendoza@gmail.com","Test1234","Employee","01GWFN947VQ03TJ84AXVEKX10T"
"01GX9CJ4PSFF8JVPPMVZJ65G8R","pamwilliams@gmail.com","Test1234","Employee","01GWFN947VJHZGBHQMYXR7QVY1"
"01GX9CJ4PSKGRKESTQ075KSTYM","spencerruiz@gmail.com","Test1234","Employee","01GWFN947VB8CKH43GDGQWDH4M"
"01GX9CJ4PSR11XZJ5CY5V0YTGQ","desireebaker@gmail.com","Test1234","Employee","01GWFN947V9P9AEQS96HQ8GG1H"
"01GX9CJ4PSTS5G23587ESZKGPF","christophertorres@gmail.com","Test1234","Employee","01GWFN947V7G78DA01Q589MQEA"
"01GX9CJ4PSWNJKTKE4B4AV32RT","jessicawalker@gmail.com","Test1234","Employee","01GWFN947V0YXVGHAVNY1QCHFZ"
"01GX9CJ4PSZE8M54KV6A0CBB17","robertcraig@gmail.com","Test1234","Employee","01GWFN947V0S0F499D1B9802AP"
"01GX9CJ4PT075WVF5TG9GWWR4P","karenvaldez@gmail.com","Test1234","Employee","01GWFN947V028NF9X8A84FAXNS"
"01GX9CJ4PT2YYDK7CW8ZGJV7T9","davidcarrillo@gmail.com","Test1234","Employee","01GWFN947TV8F5WZ92ZP8C0CW3"
"01GX9CJ4PT5BFNDR8VZ4H7YXY0","michaelmooreiii@gmail.com","Test1234","Employee","01GWFN947TTPM714TVBFA0221X"
"01GX9CJ4PT73F2ZWKJWE0ZP5AN","kathleentaylor@gmail.com","Test1234","Employee","01GWFN947TSPCHXWV2J88DVNNH"
"01GX9CJ4PT8G22YV8JA17TBT25","davidpaul@gmail.com","Test1234","Employee","01GWFN947TMA6PGRC67YM4F467"
"01GX9CJ4PT9EKW4C913C2PQ96Z","luisdoyle@gmail.com","Test1234","Employee","01GWFN947TJJ9VGKMA1J34HGPS"
"01GX9CJ4PTAW988T01ZCVB9612","sheilalewis@gmail.com","Test1234","Employee","01GWFN947TGFKT5BYD27178P8C"
"01GX9CJ4PTD2YFW4VB2QX1TKYM","patrickhuerta@gmail.com","Test1234","Employee","01GWFN947TFEPVHDF3NA7SHMFA"
"01GX9CJ4PTEB854RE03ZEDD3VV","victorialee@gmail.com","Test1234","Employee","01GWFN947TCN3G5AYAVTR35VB3"
"01GX9CJ4PTF76K33SG73KQN0G5","zacharyrojas@gmail.com","Test1234","Employee","01GWFN947TBW85RD2JDJBR98KC"
"01GX9CJ4PTFD7PEGPH3VY06RWB","laurensanchez@gmail.com","Test1234","Employee","01GWFN947T6E352E6ZAEHMFNG1"
"01GX9CJ4PTFE5BKAB9SVA6YHKY","rebeccaleblanc@gmail.com","Test1234","Employee","01GWFN947T5MZNHS7N14BC9BGC"
"01GX9CJ4PTP6BPNW3SG4KRSWY1","chadnorris@gmail.com","Test1234","Employee","01GWFN947T57PD1X73A27AQC4B"
"01GX9CJ4PTPYE749CTNGRT59YB","garycunningham@gmail.com","Test1234","Employee","01GWFN947T3CHRR53AHAD3JPQW"
"01GX9CJ4PTRMV1TM53D4PPZE3C","joshuajenkins@gmail.com","Test1234","Employee","01GWFN947SZ1CJN8JTEFVMXTSY"
"01GX9CJ4PTWXRRQ3DBX1CVRNCB","dustinmarsh@gmail.com","Test1234","Employee","01GWFN947SYHQNX5M7CEZVVZKR"
"01GX9CJ4PTYQP41XPGB0RZ6S55","dianahenderson@gmail.com","Test1234","Employee","01GWFN947SXGY5YH1EV7E49K2N"
"01GX9CJ4PV1R7H2DYGWVNA296P","josephjames@gmail.com","Test1234","Employee","01GWFN947SRWY90QKFAF8KDYHH"
"01GX9CJ4PV33YFZJ631SJNPWV3","amandawright@gmail.com","Test1234","Employee","01GWFN947SPN7C40A09KYHC2X4"
"01GX9CJ4PV5KTJ1NA7Z4XHJ0HJ","karabrandt@gmail.com","Test1234","Employee","01GWFN947SJEBQABXNNDJRY4TV"
"01GX9CJ4PV6ANVJ0Q9N4E88RWV","lanceharris@gmail.com","Test1234","Employee","01GWFN947SFTZ9KQP5TE0MJ2EH"
"01GX9CJ4PV6C7GKJ3CHHHMQCFZ","codybowman@gmail.com","Test1234","Employee","01GWFN947SD5TWP1NSDCAF4N0E"
"01GX9CJ4PVA8RGRQYWD7H9ANG0","richardrasmussen@gmail.com","Test1234","Employee","01GWFN947SC9W5DPNWQTX9WND9"
"01GX9CJ4PVC5GQP7HDGYWST969","anthonygamble@gmail.com","Test1234","Employee","01GWFN947SBQ1T4KDENR0253A1"
"01GX9CJ4PVCVS4D1W2W9DD60J9","brianreyesdds@gmail.com","Test1234","Employee","01GWFN947SAMCXPGZCDHF33QV5"
"01GX9CJ4PVJW48C3N9DE3DVPXG","ronalddavis@gmail.com","Test1234","Employee","01GWFN947S77ZZA9M5EAYW4EEG"
"01GX9CJ4PVMDH1RF2WQKVGAP1K","jenniferperez@gmail.com","Test1234","Employee","01GWFN947S66TSQDK84THCS11F"
"01GX9CJ4PVMSXVQB7KE2Y6KPCY","michelemartin@gmail.com","Test1234","Employee","01GWFN947RVSRJBT8MX9Z5YWQY"
"01GX9CJ4PVPW44J1AESZ8SDB7W","williehicks@gmail.com","Test1234","Employee","01GWFN947RPPJK3GYAEZM9PAPP"
"01GX9CJ4PVTXH42WMG4ZSS74DC","laurenwilliams@gmail.com","Test1234","Employee","01GWFN947RMFHPZADM8R03A1NB"
"01GX9CJ4PVVJZXMF7WN4J8RCE1","luisyates@gmail.com","Test1234","Employee","01GWFN947RHR89N1K83VCRA647"
"01GX9CJ4PVYHQCD9KZ8REANRK2","markbrown@gmail.com","Test1234","Employee","01GWFN947RGB5BS84YB8QTTYXF"
"01GX9CJ4PVZVF18S2V37MD0EDB","lorettarodriguez@gmail.com","Test1234","Employee","01GWFN947RFWY7ZDJX1JMVE6K1"
"01GX9CJ4PW44C7AR4EAMW4ADYV","jesusgraham@gmail.com","Test1234","Employee","01GWFN947RFDSN2D4F9B1NS21Q"
"01GX9CJ4PWCZGVW0K4PWKP0KYQ","jordanlewis@gmail.com","Test1234","Employee","01GWFN947RBNRMHBKGJR91SZ7N"
"01GX9CJ4PWFC5WEGN2YG1CB0R4","yvonnehudson@gmail.com","Test1234","Employee","01GWFN947RA5VXZ6DK13DWK0JT"
"01GX9CJ4PWHYKDWD83QBVNJ2KM","craigphillips@gmail.com","Test1234","Employee","01GWFN947R8B3KSNSA232VK0C0"
"01GX9CJ4PWMTNFSBAYH4RFDVDT","patrickallen@gmail.com","Test1234","Employee","01GWFN947R6PRK14Q6XG9D51EE"
"01GX9CJ4PWNKJGGCANN5NDJV1A","teresastevens@gmail.com","Test1234","Employee","01GWFN947R5TPXGYQ5K8MTQDP1"
"01GX9CJ4PWNRQY3J28S8M0XYMH","edwardhill@gmail.com","Test1234","Employee","01GWFN947R1G27KDN9M8M5FZAK"
"01GX9CJ4PWP98D93ZNVYJ6YG48","pamelajuarez@gmail.com","Test1234","Employee","01GWFN947QZMMB0F71GACYGE95"
"01GX9CJ4PWR3W8696XBWH653RG","devingraves@gmail.com","Test1234","Employee","01GWFN947QVTSQJ65MF00QVNP6"
"01GX9CJ4PWW3RRQJ6VM8ZE4WH7","justinhanna@gmail.com","Test1234","Employee","01GWFN947QV5MA7AHXX3B7ESY2"
"01GX9CJ4PX0HY342286P0WNESJ","brandonreynolds@gmail.com","Test1234","Employee","01GWFN947QR384JJC3WCBZ3VTC"
"01GX9CJ4PX0KG14MVH8JD0X4PH","dr.emilymartinezphd@gmail.com","Test1234","Employee","01GWFN947QQXBHM9WAV73Y6MPE"
"01GX9CJ4PX36NCVFJKS2037893","kimberlynelsondds@gmail.com","Test1234","Employee","01GWFN947QNPGDK351P9723MA6"
"01GX9CJ4PX5EMAT7Q58X3ZNFNQ","stevenschroeder@gmail.com","Test1234","Employee","01GWFN947QM45WSKTR596RSG41"
"01GX9CJ4PX5M9P793AT0BP3A83","katherineolsen@gmail.com","Test1234","Employee","01GWFN947QAWZ7YES4V86Q18KQ"
"01GX9CJ4PX8NNJ5MDDBMRGQ3AG","sheryldecker@gmail.com","Test1234","Employee","01GWFN947QAE01YMBK465RWHN2"
"01GX9CJ4PX8XJ7RPGAFP12DTNM","pamelashah@gmail.com","Test1234","Employee","01GWFN947Q7110F283K84WG49G"
"01GX9CJ4PX9TGVZP9036EZXY4F","morganbutler@gmail.com","Test1234","Employee","01GWFN947Q35BK465V7VHPQWR2"
"01GX9CJ4PXD09DJ4QQBMFSH59V","matthewboyer@gmail.com","Test1234","Employee","01GWFN947Q129NQ3KEH4HHCPB9"
"01GX9CJ4PXEBS8Y1GVGAZFHCZE","heatherdiaz@gmail.com","Test1234","Employee","01GWFN947Q0FKXBTQ4H22928VB"
"01GX9CJ4PXQVKGY7TH09EP2P2M","michellehill@gmail.com","Test1234","Employee","01GWFN947PW6DGRF9YCRFASEH8"
"01GX9CJ4PXV186FDEE4GZ8JJB5","russellgarcia@gmail.com","Test1234","Employee","01GWFN947PV9KWSFQKDVHK14KP"
"01GX9CJ4PY32NQHBG9Y7F4F4ZM","amygoodman@gmail.com","Test1234","Employee","01GWFN947PT181XJG6WY03JEQZ"
"01GX9CJ4PY4ZJFFVEZ3A8M32PH","robertvillegas@gmail.com","Test1234","Employee","01GWFN947PK4YNQWJMXXNXGATA"
"01GX9CJ4PY6YRZ9MB4ZVE1KD1F","lynnwood@gmail.com","Test1234","Employee","01GWFN947PGYD2971C8WKM3FWA"
"01GX9CJ4PY7EMDMWDSKFKTRN5M","jenniferburns@gmail.com","Test1234","Employee","01GWFN947PG82SW6JFMZ166F3D"
"01GX9CJ4PY8FKHA4DPXNG56K3H","kevindixon@gmail.com","Test1234","Employee","01GWFN947PFQQZ66K616HGSA7Q"
"01GX9CJ4PY8MGEJ9145CRSGWB9","katiemitchell@gmail.com","Test1234","Employee","01GWFN947PDXR2GDPREWC55WRY"
"01GX9CJ4PYAJJ6XKMHGY6WXZPS","bradleysmith@gmail.com","Test1234","Employee","01GWFN947PB43ZEG8SJS4S3JV8"
"01GX9CJ4PYCRN5W6R28ATD0G92","kiarabuchanan@gmail.com","Test1234","Employee","01GWFN947P7584XCTNPX9F5C0P"
"01GX9CJ4PYF0MFJ441TC63D25D","marksimmons@gmail.com","Test1234","Employee","01GWFN947P4J3PJSG3NHTTT8T4"
"01GX9CJ4PYHHE130M6E2Q5P220","williamkelly@gmail.com","Test1234","Employee","01GWFN947P0VBRAA7GH1CEVQW6"
"01GX9CJ4PYJF9PVJ09V2RMFH6H","herbertharris@gmail.com","Test1234","Employee","01GWFN947P01J4T5JQEMQSEHC7"
"01GX9CJ4PYMAZF4ZNKB3C9G0BK","meganyoung@gmail.com","Test1234","Employee","01GWFN947NYV3ESRX9RYDEP0HM"
"01GX9CJ4PYPKZ16NG42J1JF4WH","dannycooley@gmail.com","Test1234","Employee","01GWFN947NTAT1G4ZKA85AJ2DR"
"01GX9CJ4PYQ4MXBCE3XWR8XDSM","yeseniarowe@gmail.com","Test1234","Employee","01GWFN947NQTC9F25T9F8WRR3P"
"01GX9CJ4PYTQF9S9DGX9V95BZX","sallymcgrath@gmail.com","Test1234","Employee","01GWFN947NQ3SPXRNE783CP65Z"
"01GX9CJ4PYWQKS0YR84A2BWARQ","christophermartin@gmail.com","Test1234","Employee","01GWFN947NK8JS891J6CXZAAPV"
"01GX9CJ4PYWRWHEZMBZXQ1TTXF","williamblair@gmail.com","Test1234","Employee","01GWFN947NGN4ZPTT7WXV264M3"
"01GX9CJ4PYZ9TRN2PJASXCCP0K","carloswebb@gmail.com","Test1234","Employee","01GWFN947NG6PJYHG64YVCYKP4"
"01GX9CJ4PYZFK76G7ZFGMYGSJ9","edwardjohnson@gmail.com","Test1234","Employee","01GWFN947N79J21F8FCP83RPPQ"
"01GX9CJ4PZ18FD5QXXG32KBRZ9","adamstephenson@gmail.com","Test1234","Employee","01GWFN947N5ERZBCJZ7NWRVBQA"
"01GX9CJ4PZ3DA3JYDVRW6VXFBD","robertcurtis@gmail.com","Test1234","Employee","01GWFN947N4HZT3K2GEA8Z3527"
"01GX9CJ4PZ7T470QCP6ZXBF3VV","josephbutler@gmail.com","Test1234","Employee","01GWFN947N3E3PHGTD9GTKHF3F"
"01GX9CJ4PZ7Y4CMEM2XR4BN2Q6","johnathanmcdaniel@gmail.com","Test1234","Employee","01GWFN947N23BNZBX2RVDZPX7N"
"01GX9CJ4PZ8RSNWA0F2YQS9QB5","josephlewis@gmail.com","Test1234","Employee","01GWFN947N19WFMFRZ003HPZV1"
"01GX9CJ4PZAHNXXYDQ6XNBE74R","scotthansen@gmail.com","Test1234","Employee","01GWFN947MZPKTV4WVQZZK0C48"
"01GX9CJ4PZCE65R2VDT3JBMXW4","jennifercruz@gmail.com","Test1234","Employee","01GWFN947MXHEE6R7S8MD49DDA"
"01GX9CJ4PZCMREGN801WCZPSAG","jamesjones@gmail.com","Test1234","Employee","01GWFN947MX4DY5EYKCXAMR5SE"
"01GX9CJ4PZDKG8RZK80AF0N5VH","kimberlyhess@gmail.com","Test1234","Employee","01GWFN947MX0173KAY4FMKCMRT"
"01GX9CJ4PZJAA4BJYBV70J6A3E","jasminesparks@gmail.com","Test1234","Employee","01GWFN947MRVEY9QSDPWQ2NWS3"
"01GX9CJ4PZJYKRM7ABR8N3XMJN","leslienunez@gmail.com","Test1234","Employee","01GWFN947MQJCFPFBJM0SSSYCS"
"01GX9CJ4PZQ0GN274YFJ088EJB","jessicacobb@gmail.com","Test1234","Employee","01GWFN947MPE4H5VV1JPTNH6KA"
"01GX9CJ4PZT30BC45B7DTNWNYW","jeffreyjones@gmail.com","Test1234","Employee","01GWFN947MNH279ADG8M7T722A"
"01GX9CJ4PZXHDMJ2BVE27R8PPQ","matthewmay@gmail.com","Test1234","Employee","01GWFN947MJFCEQQ61ZGXY5T5D"
"01GX9CM9HMYM7BCSR9SFFT805J","jasonyangii@gmail.com","Test1234","Employee","01GWFN947MEQX2P6GRJQ0FN6Y5"
"01GX9CM9HMWRW8W59ZPJK4B1FQ","aaronthomas@gmail.com","Test1234","Employee","01GWFN947ME5Z77SZDA5MC0YPC"
"01GX9CM9HMTN0H8F3A9ACPEMDK","evelyncampos@gmail.com","Test1234","Employee","01GWFN947MDSJ0RD6J92GCA146"
"01GX9CM9HMSJ43WGFR80AQJKX8","seanwheeler@gmail.com","Test1234","Employee","01GWFN947KW52QBFMSFRZJT89Q"
"01GX9CM9HMQS4EWMT5GD81NPRA","seanfosterphd@gmail.com","Test1234","Employee","01GWFN947KK3MQS3CZ5YDWMDTA"
"01GX9CM9HMP8C7DSW6T3STQVR8","amybrown@gmail.com","Test1234","Employee","01GWFN947KG6ME7TT3ZED0QYT2"
"01GX9CM9HMMXFY4DNCNXZM504N","michellepruitt@gmail.com","Test1234","Employee","01GWFN947KC33SJFWRHEPKSP60"
"01GX9CM9HMMJK15T4PE1WBWKX2","davidsmith@gmail.com","Test1234","Employee","01GWFN947KADDTMD74QVJB5G08"
"01GX9CM9HMKYA7B6KEW5Y6X2KS","stephaniefrazier@gmail.com","Test1234","Employee","01GWFN947K8Y9HJVRK7TFVZCVS"
"01GX9CM9HMG1HTJMAVVSXQ024V","ms.rachelwu@gmail.com","Test1234","Employee","01GWFN947K1C8Y0X5EHTKKMYNZ"
"01GX9CM9HMEKC074TP4Q7854C0","katherinelivingston@gmail.com","Test1234","Employee","01GWFN947K0VS3H6JNYQJHJ7QC"
"01GX9CM9HM97E2FXM63T1FEM2J","amymaddox@gmail.com","Test1234","Employee","01GWFN947JZNC626QEBMDVY69W"
"01GX9CM9HM7PG2ZVTQAZ0FR92R","joseprince@gmail.com","Test1234","Employee","01GWFN947JZFPR0Q3A2BD99TH3"
"01GX9CM9HM0FRKPCAJC4W2FBT2","taylorgarcia@gmail.com","Test1234","Employee","01GWFN947JTQ4FFFTQ5KGQRASG"
"01GX9CM9HKZ1JGWNYYK2QV8PSX","heathercervantes@gmail.com","Test1234","Employee","01GWFN947JRR89ZKSTYM76HYE9"
"01GX9CM9HKW9VD4CW5N15HKPFX","kristensmith@gmail.com","Test1234","Employee","01GWFN947JQW87W5AJBWMTGXFV"
"01GX9CM9HKMBAQJZPYEBK02KS5","oliviamoody@gmail.com","Test1234","Employee","01GWFN947JHWC2QVHG9WMS15KP"
"01GX9CM9HKH8EG9W2TARG4CWM2","christinestrickland@gmail.com","Test1234","Employee","01GWFN947J8HV2ADFMPZ36RFDV"
"01GX9CM9HKFS4SNCBF49W846BK","cathyprice@gmail.com","Test1234","Employee","01GWFN947J22R8F75TT0VKTQYH"
"01GX9CM9HKDT52AN20CQBK8FR6","jordanlittle@gmail.com","Test1234","Employee","01GWFN947H613STKS2X9VTT6CA"
"01GX9CM9HKD9MJZBRQPT2CW6MT","davidcasey@gmail.com","Test1234","Employee","01GWFPMJGB6FJVAFMZ4FXWJRWN"
"01GX9CM9HKD8DWQ69P41PSCS3Z","patrickjacobs@gmail.com","Test1234","Employee","01GWFQ2GJ039Z9GCX76T9AVE5B"
"01GX9CM9HKC1TSH2S7XKV5E0RS","donnamata@gmail.com","Test1234","Employee","01GWFQ2GJ04CWZARNF6SC9B3F8"
"01GX9CM9HKAW40TP7C2FG9A950","justinberry@gmail.com","Test1234","Employee","01GWFQ2GJ05TE7MCX27J0VP79G"
"01GX9CM9HK783ZRZJCH9VV7CPS","cherylclark@gmail.com","Test1234","Employee","01GWFQ2GJ0BZ77S27F0FGD998X"
"01GX9CM9HK5K0EET2VVCAWD305","melaniebyrd@gmail.com","Test1234","Employee","01GWFQ2GJ0DJAQXBCPZDQNXCWG"
"01GX9CM9HK5HCPGX2BP8X3S5BE","stephaniemoran@gmail.com","Test1234","Employee","01GWFQ2GJ0H4487DSFKWAYJR78"
"01GX9CM9HJSQQZ7EE7B1WP54SW","samuelyoder@gmail.com","Test1234","Employee","01GWFQ2GJ0KR0VFXTPGX923C89"
"01GX9CM9HJR3MWW6HE1YPXTDDZ","christopherhowell@gmail.com","Test1234","Employee","01GWFQ2GJ0NSTMGPJY5NATSXQ7"
"01GX9CM9HJQMNN7SXF0A6FSRRW","patriciaschneiderdvm@gmail.com","Test1234","Employee","01GWFQ2GJ0RGB8S6Q1H2PDK3YY"
"01GX9CM9HJQ9J2VMEQJ9DEYTED","wendypatrick@gmail.com","Test1234","Employee","01GWFQ2GJ0SQB2Q3FZT9SPX2AT"
"01GX9CM9HJPFCJVD9B9223WMWH","charlesthomas@gmail.com","Test1234","Employee","01GWFQ2GJ0VC25TZM00J4879YT"
"01GX9CM9HJM3611SVKE8ZB8451","raymondcox@gmail.com","Test1234","Employee","01GWFQ2GJ0XKXTWGVDR75EGXG9"
"01GX9CM9HJH4BFZQCTP9B77WNE","rosswong@gmail.com","Test1234","Employee","01GWFQ2GJ0ZYPZ8NM9WNJ9TPDW"
"01GX9CM9HJGE67R9XD4MP0EZJK","jeremiahbautista@gmail.com","Test1234","Employee","01GWFQ2GJ11D9DCDJZDAQSWBR3"
"01GX9CM9HJGASCFCMM2JYGSKAY","robertlove@gmail.com","Test1234","Employee","01GWFQ2GJ12MKX0SC8BHQK2CP4"
"01GX9CM9HJES4H30E7DQ6CBA3N","lisacole@gmail.com","Test1234","Employee","01GWFQ2GJ13B4B9DJ95CB6PAX7"
"01GX9CM9HJDFNCP6E4RTVHBFXS","ericawood@gmail.com","Test1234","Employee","01GWFQ2GJ14V6M1ZST6XWP3X1D"
"01GX9CM9HJA47EY1REQR8M7DWZ","lancerichardson@gmail.com","Test1234","Employee","01GWFQ2GJ15G1NQF9DEJDXYC6D"
"01GX9CM9HJ9KM1CZFB8RDZSKPD","jameswhite@gmail.com","Test1234","Employee","01GWFQ2GJ17WRN4RWZQJ5R51CQ"
"01GX9CM9HJ3BP4WBECKKDN5A5S","kaylapeterson@gmail.com","Test1234","Employee","01GWFQ2GJ19E6PTT0TV0MQ5REA"
"01GX9CM9HJ1KSYF1EGCN6NWCN2","haleyshaw@gmail.com","Test1234","Employee","01GWFQ2GJ19VWRP6FAKZ54E6B1"
"01GX9CM9HHKRGP9SPR2BM07X7Q","michaelbrown@gmail.com","Test1234","Employee","01GWFQ2GJ1AQ72RJZN8NP6TNNT"
"01GX9CM9HHA42P5FDGDX5Q7F0X","aprilarmstrong@gmail.com","Test1234","Employee","01GWFQ2GJ1DE5WDM5S870F130C"
"01GX9CM9HH9172RBD8RGB43JP2","tammyharris@gmail.com","Test1234","Employee","01GWFQ2GJ1GH36ZSG50APE9BEX"
"01GX9CM9HH35X4V74XVWNT6Z8Y","allisonpeterson@gmail.com","Test1234","Employee","01GWFQ2GJ1GT5W4R926ETE1WVS"
"01GX9CM9HH2PFGVH4AE45JWHWA","michaelcombs@gmail.com","Test1234","Employee","01GWFQ2GJ1JKRR50QXH0P95JK7"
"01GX9CM9HH2K15RPVPEGK58C00","laurenhuynh@gmail.com","Test1234","Employee","01GWFQ2GJ1NV4ZQ6T555MV1ME2"
"01GX9CM9HH1V9BHFFF2REXAFCE","michaelmurphy@gmail.com","Test1234","Employee","01GWFQ2GJ1Q28PSJM2NXZTMNEZ"
"01GX9CM9HGH35K61M55P7E9V9X","michealbates@gmail.com","Test1234","Employee","01GWFQ2GJ1QBK8RM5451XM0DVZ"
"01GX9CM9HGF0Z26WEY6DQF5RRS","susansullivan@gmail.com","Test1234","Employee","01GWFQ2GJ1R8BXMKWVHQ689JJJ"
"01GX9CM9HG0M2K2MVNFWK1SGBR","davidkennedy@gmail.com","Test1234","Employee","01GWFQ2GJ1RND3MPHFF1JMFV0X"
"01GX9CM9HFZ5JY9GXYRMMEN0D2","lisamurray@gmail.com","Test1234","Employee","01GWFQ2GJ1SKZZVJM9SZ5KCFH0"
"01GX9CM9HFY0M4HXV3R0D4XCS8","kellyconley@gmail.com","Test1234","Employee","01GWFQ2GJ1VEQDW9KCZRPMH2HH"
"01GX9CM9HFXV1DYV1KX1Y9M184","juanhowell@gmail.com","Test1234","Employee","01GWFQ2GJ1VQVG83Y9CJDW3QYB"
"01GX9CM9HFK1YWEBF4ZESN2NWW","sarahkim@gmail.com","Test1234","Employee","01GWFQ2GJ1YN03AN2MXM8TQ3MR"
"01GX9CM9HFFQCSXRWRABXAXYJB","triciaespinoza@gmail.com","Test1234","Employee","01GWFQ2GJ1YVBB8WMTDTB1XKVF"
"01GX9CM9HFCKRQ7FR5VZ70WF7Z","brianasmith@gmail.com","Test1234","Employee","01GWFQ2GJ1Z263VTKT6ZWQBCJM"
"01GX9CM9HF6PE7EPK9062PA8E3","michaelcarroll@gmail.com","Test1234","Employee","01GWFQ2GJ21PQHCQRFD507C2PE"
"01GX9CM9HF68TXA5WJ3RCK543X","jesusschultz@gmail.com","Test1234","Employee","01GWFQ2GJ22YN4H46NDBDMPKMF"
"01GX9CM9HF4BJRYTGT4XBWG0DA","louisadams@gmail.com","Test1234","Employee","01GWFQ2GJ23B0JZN7SCNQEFD3K"
"01GX9CM9HF3J9H1C4CX2EK77AS","jessewilliamson@gmail.com","Test1234","Employee","01GWFQ2GJ24N2SKWW0TE9ASGB8"
"01GX9CM9HF16ND4S503XM8NT40","kathleensalazar@gmail.com","Test1234","Employee","01GWFQ2GJ25HC5CG69Y3CZ53Q7"
"01GX9CM9HEVXWJZEFF1E4XW36K","morganfarmer@gmail.com","Test1234","Employee","01GWFQ2GJ27M8VGF81V9GJ3GFH"
"01GX9CM9HEK29XC53S0Z32Y641","eileenwilliams@gmail.com","Test1234","Employee","01GWFQ2GJ2827FQSGG2V00JTBV"
"01GX9CM9HEJ1W18MF1CP7TV2FZ","lynnnicholson@gmail.com","Test1234","Employee","01GWFQ2GJ2853A0GGR5H37SDC3"
"01GX9CM9HEC2PH7BHVZPS18MA1","michaelshields@gmail.com","Test1234","Employee","01GWFQ2GJ2AV2V29TBW8GG0XAY"
"01GX9CM9HE9NX2NPX8MPGSA2TG","kimberlyallen@gmail.com","Test1234","Employee","01GWFQ2GJ2CZQNT0MC953WE86V"
"01GX9CM9HE39SZKCX4MYW85MH8","dianebishop@gmail.com","Test1234","Employee","01GWFQ2GJ2D92FFK7P2D1B9PE6"
"01GX9CM9HDZYQR5PQK2XNNED1F","markadams@gmail.com","Test1234","Employee","01GWFQ2GJ2D9VKREP34M3DRV1H"
"01GX9CM9HDRMTTAAFTN3514B2N","staceysmith@gmail.com","Test1234","Employee","01GWFQ2GJ2HK4S7SPPJTE8TVAP"
"01GX9CM9HDATMPCHN99GYJVRH6","teresaramirez@gmail.com","Test1234","Employee","01GWFQ2GJ2KE9M2ARVTM63G711"
"01GX9CM9HD92J5HWS65Q2QC40K","brianwillis@gmail.com","Test1234","Employee","01GWFQ2GJ2KGG36G8FSH3D9DH9"
"01GX9CM9HD59KE0S3S5N35C9RP","christopherwhite@gmail.com","Test1234","Employee","01GWFQ2GJ2NEMYVSMTY7BZX4SE"
"01GX9CM9HD1ZQ8S7WZDH6MA2NC","robertscott@gmail.com","Test1234","Employee","01GWFQ2GJ2NZ8F3WGVCM0RS6HK"
"01GX9CM9HCN33SS5Z9F87GXACE","jeremywiggins@gmail.com","Test1234","Employee","01GWFQ2GJ2QQ25PHF84A59KQ10"
"01GX9CM9HCEFYS01TD0WJP5GGK","christopherdiaz@gmail.com","Test1234","Employee","01GWFQ2GJ2S8YAZK8REBA4ZDER"
"01GX9CM9HC9VDK3XNE89JT2RFV","mackenzielowe@gmail.com","Test1234","Employee","01GWFQ2GJ2SACG2W55H0W5HRH0"
"01GX9CM9HC81KKTG4N4VREPV8S","dorothymadden@gmail.com","Test1234","Employee","01GWFQ2GJ2SHCC89DVGR20WQX5"
"01GX9CM9HC5PFD4272GR5KB4HP","michelepena@gmail.com","Test1234","Employee","01GWFQ2GJ2SPQA0AM20GKV7Z56"
"01GX9CM9HBZ2AF79VHH2M9SD24","mr.jasonkey@gmail.com","Test1234","Employee","01GWFQ2GJ2TQX8HQ8AQPANR4SF"
"01GX9CM9HBYCJSC8HVNPF93WWS","jeremyhall@gmail.com","Test1234","Employee","01GWFQ2GJ2XR32JG34RDK92FJZ"
"01GX9CM9HBNE6Z5AM9PCCAF76M","carlosjohnston@gmail.com","Test1234","Employee","01GWFQ2GJ2YMACSRXH2PQX10FW"
"01GX9CM9HBMWS1059X67V04HJB","davidalvarado@gmail.com","Test1234","Employee","01GWFQ2GJ2YQ657PZ51W5J3WA9"
"01GX9CM9HBKE9S3Y6K7AF4GKKB","barbaratravis@gmail.com","Test1234","Employee","01GWFQ2GJ3141677ZFY3YCNZR7"
"01GX9CM9HBJ6TPEN72GGTGE0HW","mr.michaelpena@gmail.com","Test1234","Employee","01GWFQ2GJ317P8ABCV89J0NZ91"
"01GX9CM9HBGY1W9SQQFT0B1AXA","davidnash@gmail.com","Test1234","Employee","01GWFQ2GJ31YJ8795HQ1XNBX0R"
"01GX9CM9HBCEFGXD49YMJAATRR","davidcrawford@gmail.com","Test1234","Employee","01GWFQ2GJ325KX4PCH86HME533"
"01GX9CM9HBAFAT10YX1SGZZQGX","ericoneal@gmail.com","Test1234","Employee","01GWFQ2GJ33QB2F5TV2M4YF227"
"01GX9CM9HB572B6MKREK8BXQD5","christopherperry@gmail.com","Test1234","Employee","01GWFQ2GJ36P3SKK7TX55VW9WB"
"01GX9CM9HB00AQHE2SQ87XKY20","kimberlymack@gmail.com","Test1234","Employee","01GWFQ2GJ374QBH5SNFMGFTKF0"
"01GX9CM9HAV0B3Z5AWENDXVY71","angelamccarthy@gmail.com","Test1234","Employee","01GWFQ2GJ3A1CEJWCZGVX1V14N"
"01GX9CM9HAT39FWYYJ6ZWEQ70Q","kerrypeck@gmail.com","Test1234","Employee","01GWFQ2GJ3A2JTRTZB5VNBJ71H"
"01GX9CM9HAR9X2716HNE617TRS","christinaphillips@gmail.com","Test1234","Employee","01GWFQ2GJ3CKJWBSJCHF51NTHM"
"01GX9CM9HAQHTW70YZFNNTCJSM","mitchelllee@gmail.com","Test1234","Employee","01GWFQ2GJ3GEFXQRDG9GDWWYT0"
"01GX9CM9HANTHYAQJ019D14T0R","amandascott@gmail.com","Test1234","Employee","01GWFQ2GJ3H44Z0PGWFKG6W3H9"
"01GX9CM9HAN5727C8J0V38QWBM","jaredlara@gmail.com","Test1234","Employee","01GWFQ2GJ3H7C77NQ76CFKKAAE"
"01GX9CM9HAKH7HPCD4TETC5C1M","mollyparsons@gmail.com","Test1234","Employee","01GWFQ2GJ3JBJ6JVEMD56B54GW"
"01GX9CM9HAGDR435W38F2122DH","matthewcollins@gmail.com","Test1234","Employee","01GWFQ2GJ3KRCQ1C38V1VRR4R3"
"01GX9CM9HAC29F3JFZHXHQ4PAB","michaelnovak@gmail.com","Test1234","Employee","01GWFQ2GJ3MMVEXTXKVNNPY0ZF"
"01GX9CM9HAAKGKXT0G30ZETAWF","karenterrell@gmail.com","Test1234","Employee","01GWFQ2GJ3NGYGRH11JQ8KXWNW"
"01GX9CM9HAAF41K6CN7CANBW77","mr.jonfuller@gmail.com","Test1234","Employee","01GWFQ2GJ3PVFKKN6HDNC169G4"
"01GX9CM9HA990M3W73F1D3NFF2","timothybarnes@gmail.com","Test1234","Employee","01GWFQ2GJ3RQ6TY5J52AAAJ8QN"
"01GX9CM9HA7MYWPZ2S3WDRT9J9","missnicoledennis@gmail.com","Test1234","Employee","01GWFQ2GJ3RQ8G8HFA41HEZGT3"
"01GX9CM9HA66S6X3H2XE644Y3D","cherylsmith@gmail.com","Test1234","Employee","01GWFQ2GJ3TPHJD3T4MZKA580V"
"01GX9CM9H9QGGXHE4J8C7JPZBF","jilliannguyendds@gmail.com","Test1234","Employee","01GWFQ2GJ3VSFVBHY5WF393EQJ"
"01GX9CM9H9QGBH8FKPJ7AGY6HR","jasonrussell@gmail.com","Test1234","Employee","01GWFQ2GJ3VXRRPADPN9FECAN2"
"01GX9CM9H9M87SGBVN21MT4ZFN","lydiamarquez@gmail.com","Test1234","Employee","01GWFQ2GJ3XWVVQNP237T80N34"
"01GX9CM9H9KX3DN24N9J08RMV6","matthewschneider@gmail.com","Test1234","Employee","01GWFQ2GJ3XYWKH4WX7N8KZMTN"
"01GX9CM9H9JFZ1MMBW1XPW1E2H","kathleenwoodard@gmail.com","Test1234","Employee","01GWFQ2GJ40DX77AMC55KXZFXT"
"01GX9CM9H9G7F0GGV6K980ME05","patrickhamilton@gmail.com","Test1234","Employee","01GWFQ2GJ41T169QBD2K8D4N1V"
"01GX9CM9H9FKSCA89CTSD8GWQT","shellyhancock@gmail.com","Test1234","Employee","01GWFQ2GJ4249P6AZHVK34GVD4"
"01GX9CM9H9EBGN0DP4KGA8GS1B","scottmckenzie@gmail.com","Test1234","Employee","01GWFQ2GJ42ZC50XDHE66QVDJ5"
"01GX9CM9H9E681ZYR4QDN82F75","victoriaguerrero@gmail.com","Test1234","Employee","01GWFQ2GJ47KEB3MGWGQYWV2J3"
"01GX9CM9H9C7XNENCPW8V21AJZ","amandaschmidt@gmail.com","Test1234","Employee","01GWFQ2GJ48QZZWYE5WM7CZZDY"
"01GX9CM9H9BV2HQMR4XJMDYPFJ","abigailwilliams@gmail.com","Test1234","Employee","01GWFQ2GJ48ZG7XBRYCRMN94GG"
"01GX9CM9H9BGXE9ECM9Q0F17JY","jamessandovaldds@gmail.com","Test1234","Employee","01GWFQ2GJ4910BMXYNA2SM5AGF"
"01GX9CM9H97B424DZY28D5TTP6","craigroth@gmail.com","Test1234","Employee","01GWFQ2GJ4D81RY74R4NF7VRVZ"
"01GX9CM9H95ATWKBFV818RGQAW","misstiffanyjones@gmail.com","Test1234","Employee","01GWFQ2GJ4FD6T4KS60B3EB0JQ"
"01GX9CM9H93GC5X7FXMS74JM55","hollygarza@gmail.com","Test1234","Employee","01GWFQ2GJ4GF7505F2BXPJFY2Z"
"01GX9CM9H8YRK59RBFEDC5Q2CT","christinafletcher@gmail.com","Test1234","Employee","01GWFQ2GJ4H8KZXP4M15JCM56F"
"01GX9CM9H8YNR4HQRC17G6ENM7","scottduncan@gmail.com","Test1234","Employee","01GWFQ2GJ4J6RSJZXVE15WF3PK"
"01GX9CM9H8YHZHXP2DHNK10C28","ralphwells@gmail.com","Test1234","Employee","01GWFQ2GJ4JVT3XAQVR2PNGGRJ"
"01GX9CM9H8XX6P41496697CZ8M","davidbrown@gmail.com","Test1234","Employee","01GWFQ2GJ4PXFY1AZK3APZ97J7"
"01GX9CM9H8VRPVV57N5YAF7NA3","taylormeyer@gmail.com","Test1234","Employee","01GWFQ2GJ4SENVYTDXDQN6AR19"
"01GX9CM9H8V3YSG45SMJHXN48X","tinaaguirre@gmail.com","Test1234","Employee","01GWFQ2GJ4SF4NQ0X0GQW6JRQS"
"01GX9CM9H8RSG43ZKNJC932SM4","brittanyfarley@gmail.com","Test1234","Employee","01GWFQ2GJ4TBNX6VS2EZKK70XT"
"01GX9CM9H8PK9D3BJTHAYJT78N","reginachen@gmail.com","Test1234","Employee","01GWFQ2GJ4TRCKMH1KB1VJPBZ5"
"01GX9CM9H8NS46PWW41AEJV4XD","jenniferward@gmail.com","Test1234","Employee","01GWFQ2GJ4V2EVG68XP6K0JFW6"
"01GX9CM9H8NNMGXH293PER4XAS","cynthiajohnson@gmail.com","Test1234","Employee","01GWFQ2GJ4VSYPE83560FAACQW"
"01GX9CM9H8N7ZPCC7H28MP9G9R","benjaminreyes@gmail.com","Test1234","Employee","01GWFQ2GJ4WH70SHYKKVDG080S"
"01GX9CM9H8MB36HXWG87J75HAJ","sallystout@gmail.com","Test1234","Employee","01GWFQ2GJ4XH8Y45MRQAW0N0EY"
"01GX9CM9H8KCPWG9HJH62NG9SA","codyray@gmail.com","Test1234","Employee","01GWFQ2GJ4YMXJ6HC49H9K3MJT"
"01GX9CM9H892KAGDXEJ0GM3YHN","stephanieclark@gmail.com","Test1234","Employee","01GWFQ2GJ4Z8K7TV873KVH9TZ8"
"01GX9CM9H88HEAXSZCQFB760DP","danieljennings@gmail.com","Test1234","Employee","01GWFQ2GJ4ZQ3KEVC4WZ8697RN"
"01GX9CM9H7X3YA62AZZRDZAWX3","mrs.ginagonzalesmd@gmail.com","Test1234","Employee","01GWFQ2GJ50PXSET75080VK60Z"
"01GX9CM9H7V8DFY0FRR2MQD4VC","jefferywest@gmail.com","Test1234","Employee","01GWFQ2GJ50S4KCSXYFDF0Q60N"
"01GX9CM9H7RQCFJ36851KZE7CR","aaronperkins@gmail.com","Test1234","Employee","01GWFQ2GJ51VARZY3ZPKN0VWWZ"
"01GX9CM9H7QMR29Q68VG1CQRYH","amandacrosby@gmail.com","Test1234","Employee","01GWFQ2GJ52FA0RZERXPJKF2V2"
"01GX9CM9H7NY22TKDF3CKMSJ3H","heatherho@gmail.com","Test1234","Employee","01GWFQ2GJ52GWHW0Z73JTSV4XM"
"01GX9CM9H7JHXK0YHFXR26SV19","williamcarpenter@gmail.com","Test1234","Employee","01GWFQ2GJ533W5R86V63SCH3GZ"
"01GX9CM9H7JCQ9QNE7SMPFGSFK","ryanbennett@gmail.com","Test1234","Employee","01GWFQ2GJ54A5FR77Z3THZ3854"
"01GX9CM9H7HK8W4ZM3XC98YS1C","kristirussell@gmail.com","Test1234","Employee","01GWFQ2GJ5544K533EERD4T47N"
"01GX9CM9H7F66E24RPK5BGKZXN","dawnshortdds@gmail.com","Test1234","Employee","01GWFQ2GJ557DS1AG0W264T6ZM"
"01GX9CM9H7DKDDTGG47S9JSMJ4","christophercarter@gmail.com","Test1234","Employee","01GWFQ2GJ559JFH0KRCAZ8AG3W"
"01GX9CM9H7AJR41P4ETQJDBTE8","vanessacalderon@gmail.com","Test1234","Employee","01GWFQ2GJ583N224ZBQV2A785N"
"01GX9CM9H78JD14S9KRNMHDY8N","andresheppard@gmail.com","Test1234","Employee","01GWFQ2GJ5B0WTCJC8EQK2HVHZ"
"01GX9CM9H73J73TYRQA1K9TDZ0","amandastein@gmail.com","Test1234","Employee","01GWFQ2GJ5BA8FAC7C7B1HGHE5"
"01GX9CM9H73J52QVR24AD3VARK","timothymartin@gmail.com","Test1234","Employee","01GWFQ2GJ5CBGSFESHH4QT4XRN"
"01GX9CM9H72V07Q6AAFPM5A20S","deannarobles@gmail.com","Test1234","Employee","01GWFQ2GJ5CE1X311CD0NMQXG3"
"01GX9CM9H6YCK0HG72BTXECF6G","juanbuckley@gmail.com","Test1234","Employee","01GWFQ2GJ5CPYT2RPY68Y3G52S"
"01GX9CM9H6MEK5RK4TE8HS31E2","jameslara@gmail.com","Test1234","Employee","01GWFQ2GJ5EEW0QKV7KGN8N40K"
"01GX9CM9H6KHK5GAWFE72KZWHN","connoredwards@gmail.com","Test1234","Employee","01GWFQ2GJ5F1NYVRQ6327WTWE7"
"01GX9CM9H6E0W6KR6BF1NJZGKS","kelseygordon@gmail.com","Test1234","Employee","01GWFQ2GJ5G1HBG1DDEYBTNWSV"
"01GX9CM9H6AK1YE0FJJ0C2D7ZG","richardaguilar@gmail.com","Test1234","Employee","01GWFQ2GJ5GZDQA85X4DSSJF47"
"01GX9CM9H66W5T78TVC20C12D5","tayloratkins@gmail.com","Test1234","Employee","01GWFQ2GJ5JQTGCTS74ZZSVQE1"
"01GX9CM9H64V7E44F5B0SNJMQW","cherylkane@gmail.com","Test1234","Employee","01GWFQ2GJ5QF2KV69S80N63128"
"01GX9CM9H614Y4PSY19BSFBZ5T","melvinsmith@gmail.com","Test1234","Employee","01GWFQ2GJ5R84HF79D4FBZBS6C"
"01GX9CM9H4ZXCN7EHVZ2TFRQSS","kaylasandoval@gmail.com","Test1234","Employee","01GWFQ2GJ5V5HJPB03E8JAQXC9"
"01GX9CM9H4ZK51T4XW6TZWE5FQ","thomasgriffin@gmail.com","Test1234","Employee","01GWFQ2GJ5Y7GM0DWEWSHPXK1B"
"01GX9CM9H4Z7XRCKRP2K9KV6N2","marthacoleman@gmail.com","Test1234","Employee","01GWFQ2GJ60P8Z6HA7JY0SS0ZY"
"01GX9CM9H4SSTG8M38TYQXK5MD","jasminealexander@gmail.com","Test1234","Employee","01GWFQ2GJ6306TDZXGWW0BVNHY"
"01GX9CM9H4MXS4XZ39T8YMVZ3F","crystalcampbell@gmail.com","Test1234","Employee","01GWFQ2GJ64AX3GBHPBWXQNYKP"
"01GX9CM9H4HD7TTWJSJM47P7RK","danielleserrano@gmail.com","Test1234","Employee","01GWFQ2GJ65H8MFXXS9H1D5ESG"
"01GX9CM9H4H3C9SK9SJ65HCKWJ","matthewking@gmail.com","Test1234","Employee","01GWFQ2GJ65S1CM6RKR4YXK02K"
"01GX9CM9H4GQDJBB03BBRHG2DB","tamaraperkins@gmail.com","Test1234","Employee","01GWFQ2GJ660XMMNVA5R1ZFY2E"
"01GX9CM9H4FH93VAM5KGNNB1HV","marklyons@gmail.com","Test1234","Employee","01GWFQ2GJ678NV5VTX8T14GCYY"
"01GX9CM9H4AMY4099TRRQGX6RX","traceyjensen@gmail.com","Test1234","Employee","01GWFQ2GJ68BWC34ZVJ9WVPVDH"
"01GX9CM9H46EAZRF1Q9RHYQYPG","chelseaholmes@gmail.com","Test1234","Employee","01GWFQ2GJ68NT161G2X2MFM450"
"01GX9CM9H4548P3J8Q7F0T9BH2","anthonykrueger@gmail.com","Test1234","Employee","01GWFQ2GJ69X6KZGWCFN1SYJ6P"
"01GX9CM9H40847HDT9PCQDM25A","mr.rickyscottjr.@gmail.com","Test1234","Employee","01GWFQ2GJ6BJPDPE4CYSPEV30F"
"01GX9CM9H403FK085FN00SXDS7","lisaedwards@gmail.com","Test1234","Employee","01GWFQ2GJ6F8X6ZS5CZKTB3CSQ"
"01GX9CM9H3XJB8TPFJBPT3H6NR","nicolenavarro@gmail.com","Test1234","Employee","01GWFQ2GJ6FY3X2KJCWR3W698E"
"01GX9CM9H3QXF9327VCXZ3EWMQ","marcusbrown@gmail.com","Test1234","Employee","01GWFQ2GJ6G0ZB5YSD5DJTKHJ4"
"01GX9CM9H3NXK0BWJHB99572EK","austinhoffman@gmail.com","Test1234","Employee","01GWFQ2GJ6GAVVRT3S3KP0D4QV"
"01GX9CM9H3J1NGM9FXBFWDERT8","robertoconnell@gmail.com","Test1234","Employee","01GWFQ2GJ6HJTSPN2897GD9XSS"
"01GX9CM9H3HH0Q15DRAMXK6TDP","donaldmoss@gmail.com","Test1234","Employee","01GWFQ2GJ6JEXAT41KD28ZWG5M"
"01GX9CM9H3HGRPJ51N8ZBAY2RK","jameshenderson@gmail.com","Test1234","Employee","01GWFQ2GJ6K5C8WFSEX0X1MYJ0"
"01GX9CM9H3G9Z6BAWKQVXBT76M","marilynpacheco@gmail.com","Test1234","Employee","01GWFQ2GJ6PBR061AH4P6QN7WP"
"01GX9CM9H3FYW53XC5ZYV0EWYV","fernandonelson@gmail.com","Test1234","Employee","01GWFQ2GJ6QS0XDBP5RCZGEPZ0"
"01GX9CM9H3FV929MD3TKA5TK50","rebeccadunn@gmail.com","Test1234","Employee","01GWFQ2GJ6RCCE1E9QH4HCNVK8"
"01GX9CM9H3F97M34Y94ZFKMRQ2","charleshopkins@gmail.com","Test1234","Employee","01GWFQ2GJ6REX6G5Q5BM3E98H6"
"01GX9CM9H3CSVY8T9PR05M1END","alexandrapatel@gmail.com","Test1234","Employee","01GWFQ2GJ6SH6N1X3FKJM7E9Z7"
"01GX9CM9H3AJ3BCNM5YQ6D15YF","jennifercardenas@gmail.com","Test1234","Employee","01GWFQ2GJ6VV7N6639VM0TAYBW"
"01GX9CM9H38RMCDF32HC6F81N0","davidpatel@gmail.com","Test1234","Employee","01GWFQ2GJ6Z0MG3N8GTB3GN2E5"
"01GX9CM9H35MWYH6DR6M4QQZGT","brittanythompson@gmail.com","Test1234","Employee","01GWFQ2GJ71KQ3YQJB1ZFVB7JK"
"01GX9CM9H32N7GF3C7Y2HDR5S8","scottharrell@gmail.com","Test1234","Employee","01GWFQ2GJ72D2TXC0FBY2DDYRG"
"01GX9CM9H329MBFSDN0Q66K7TD","julielynn@gmail.com","Test1234","Employee","01GWFQ2GJ72RWMYH6TM2YW4PBM"
"01GX9CM9H2ZT3T82QZ5C0GDQJ6","darrylrojas@gmail.com","Test1234","Employee","01GWFQ2GJ73ZTQ1ST7T6TYVQ14"
"01GX9CM9H2SFC8QYWWT61GYV8S","josephsmith@gmail.com","Test1234","Employee","01GWFQ2GJ77R61P9P92YSPSK1Z"
"01GX9CM9H2QT668XY3Q1ZE8SD6","lisamercado@gmail.com","Test1234","Employee","01GWFQ2GJ79X3VD2Q57090HGFR"
"01GX9CM9H2Q35XCP7BQ8SX5NC9","angelajones@gmail.com","Test1234","Employee","01GWFQ2GJ7DF3TN87FKTZE0EKH"
"01GX9CM9H2N11TT9JJDCKFHN40","shawnbyrd@gmail.com","Test1234","Employee","01GWFQ2GJ7E40EJV34ND1D6XX8"
"01GX9CM9H2F0MGGT8GTYY7E7J6","joyroberts@gmail.com","Test1234","Employee","01GWFQ2GJ7G7XHSMKADPMBDHY9"
"01GX9CM9H2DBMQ2MNR4TQT3QQ2","ruthfoster@gmail.com","Test1234","Employee","01GWFQ2GJ7GYE5EE5DPANTHCRA"
"01GX9CM9H2AQQA0HKHQVZV7NM0","michaelwalker@gmail.com","Test1234","Employee","01GWFQ2GJ7H9J970HZ2BQH0572"
"01GX9CM9H2A90FY7G3FAGP6G7D","chasebray@gmail.com","Test1234","Employee","01GWFQ2GJ7J5BD4XQWR8N2CJSQ"
"01GX9CM9H2A5MKXE7XDVX7HZKC","taraanderson@gmail.com","Test1234","Employee","01GWFQ2GJ7J5JMB0SJE71EAEM1"
"01GX9CM9H29P4HSCD1AZFEFT9Z","bettyle@gmail.com","Test1234","Employee","01GWFQ2GJ7NZTR7MACS7B8727N"
"01GX9CM9H267Z4NS92FTF2XMKH","tracysmith@gmail.com","Test1234","Employee","01GWFQ2GJ7P7FFT1BKXJGR7QRY"
"01GX9CM9H22Z3TDCJVXXKT6BPQ","lindabarnes@gmail.com","Test1234","Employee","01GWFQ2GJ7PZX3B35JKXZGJY7M"
"01GX9CM9H2165JYMZJMG3W0JTX","roberthall@gmail.com","Test1234","Employee","01GWFQ2GJ7Q03E7XK4P7HDZYQ5"
"01GX9CM9H20APDMFG45QGYFTZJ","waynehodges@gmail.com","Test1234","Employee","01GWFQ2GJ7RK6CDW35SVS53VXS"
"01GX9CM9H1Z772QTEEYDY8Q5CN","teresaallen@gmail.com","Test1234","Employee","01GWFQ2GJ7TW9YNXDZW5KBMVSS"
"01GX9CM9H1YR5H648Q0JGSBYMA","gabrielkeller@gmail.com","Test1234","Employee","01GWFQ2GJ7V2EZ1YR6YKWY29TK"
"01GX9CM9H1VVDMJ85GMY1RM07J","rachaelprice@gmail.com","Test1234","Employee","01GWFQ2GJ7W0F7ZBTTYTZK9VAK"
"01GX9CM9H1VCK8KFR31AWKY0RD","maryarroyo@gmail.com","Test1234","Employee","01GWFQ2GJ7XEPXA52D0HN3H97S"
"01GX9CM9H1TC3VDD8TA692TEB7","janetsutton@gmail.com","Test1234","Employee","01GWFQ2GJ7Y0AE2ZM7XBDP6JZ0"
"01GX9CM9H1T9G519BDTQD80QRF","johnevans@gmail.com","Test1234","Employee","01GWFQ2GJ7YP1CN7MNFRA0QMTR"
"01GX9CM9H1P1F5R4C9NMBJZ258","jesusmercado@gmail.com","Test1234","Employee","01GWFQ2GJ7ZV6Z19S54SWBKD6T"
"01GX9CM9H1GYJ2B46W5RD7B8RS","michaeldillon@gmail.com","Test1234","Employee","01GWFQ2GJ80NWP69J0JZ4PFM3W"
"01GX9CM9H1EHK304R218C5V9J3","brandontownsend@gmail.com","Test1234","Employee","01GWFQ2GJ80Z89EP49JXCMRZYA"
"01GX9CM9H1E19T08G3GHQEYYQ2","craiganderson@gmail.com","Test1234","Employee","01GWFQ2GJ82SS03D26PEHRP99A"
"01GX9CM9H1BM79Z3G45P3KZMFC","cassandraromero@gmail.com","Test1234","Employee","01GWFQ2GJ85Y8CXCB2CKWYRTDF"
"01GX9CM9H1AAST06SB999115VZ","tinaaguilar@gmail.com","Test1234","Employee","01GWFQ2GJ860SZ4NAPRCZDHAHS"
"01GX9CM9H17K33PG00ED9FG3Z2","melindalee@gmail.com","Test1234","Employee","01GWFQ2GJ883CZ5PYM4GWRD3Q5"
"01GX9CM9H16BF3TSPFSQD60HG6","jennifersanchez@gmail.com","Test1234","Employee","01GWFQ2GJ88S8GZBVJPSMY5PY8"
"01GX9CM9H15QPSSCFKX9FC5VBJ","dr.johnnycrosbymd@gmail.com","Test1234","Employee","01GWFQ2GJ894586BPBW0GMED1B"
"01GX9CM9H136E56Z2C1VSN9ZNN","jamesrhodes@gmail.com","Test1234","Employee","01GWFQ2GJ8958T9CHPNZ07NF0E"
"01GX9CM9H10KMK4VE48KYGESBB","cherylfarmer@gmail.com","Test1234","Employee","01GWFQ2GJ89WJGBM95P61SB3Y7"
"01GX9CM9H0Z713PF4MNA9Q63JR","tracymurphy@gmail.com","Test1234","Employee","01GWFQ2GJ8DYX120Y9BV1QT5DA"
"01GX9CM9H0VJJTV2GYFHE8WDER","kylepoole@gmail.com","Test1234","Employee","01GWFQ2GJ8FTCBAZFFV8Y2ESE9"
"01GX9CM9H0RKSB3PQKV08C4FSW","richardbrooks@gmail.com","Test1234","Employee","01GWFQ2GJ8GYJ8Q53HD8PTXGYC"
"01GX9CM9H0RF72VY70SZKBJW4B","reneejackson@gmail.com","Test1234","Employee","01GWFQ2GJ8MB36ZBJR5R56ZHBE"
"01GX9CM9H0H4EVVH3WC48CREAB","williamaguirre@gmail.com","Test1234","Employee","01GWFQ2GJ8ND7Y8YPMFWQJ7F8K"
"01GX9CM9H0FKFF57D2D3TF4SV5","kristaglenn@gmail.com","Test1234","Employee","01GWFQ2GJ8NWF2NNGEVP03C31R"
"01GX9CM9H0E4SMKV5RDJRS893T","charlesgonzalez@gmail.com","Test1234","Employee","01GWFQ2GJ8Q4RN6TYF7SY3QZNB"
"01GX9CM9H0DQPDHS52BCCVZ3CH","jennifermartin@gmail.com","Test1234","Employee","01GWFQ2GJ8S3MN7MTMZEZ73ANB"
"01GX9CM9H0DJ25B9EP6JQ4KNES","madisonparker@gmail.com","Test1234","Employee","01GWFQ2GJ8SMJ2ADDYK46FYWQM"
"01GX9CM9H0C2QGWZK8J2W3656N","katherinemiller@gmail.com","Test1234","Employee","01GWFQ2GJ8SVZVKW2BPXGKM5H1"
"01GX9CM9H0B9CAJ8GHKCTGHT2T","brandonhernandez@gmail.com","Test1234","Employee","01GWFQ2GJ8V26E2C6PH8W7K8NC"
"01GX9CM9H0B2TKJCSJKZGFHAN5","tristandouglas@gmail.com","Test1234","Employee","01GWFQ2GJ8XHQJRDV51B3AXC5S"
"01GX9CM9H0ADMC0FDS2RB1H096","carlaalexander@gmail.com","Test1234","Employee","01GWFQ2GJ90KK4V1PAABB02R7V"
"01GX9CM9H09DX1KVC87NYNZ55R","angelacoleman@gmail.com","Test1234","Employee","01GWFQ2GJ90ZA7TTB2TPTJ6ZD7"
"01GX9CM9H07PZBXJ05JS2RRFBJ","kylecurtis@gmail.com","Test1234","Employee","01GWFQ2GJ918TNYVDADRBP5GGK"
"01GX9CM9GZZYRAT6QX85FA94K6","spencerwalker@gmail.com","Test1234","Employee","01GWFQ2GJ91W1P4Q1H3PVNXRVG"
"01GX9CM9GZSJ5PZ7DP4E8XTF7G","christinejohnson@gmail.com","Test1234","Employee","01GWFQ2GJ932Q3B22PR4GKBCQ8"
"01GX9CM9GZNF4NFGZW5M2DCCR9","austinpalmer@gmail.com","Test1234","Employee","01GWFQ2GJ9422TNZYT65W73NF6"
"01GX9CM9GZMK7QDSFVK7ZE2J3R","natalieward@gmail.com","Test1234","Employee","01GWFQ2GJ944H25DE4NWYXSHHC"
"01GX9CM9GZKPW1X87X97C0B0XZ","johnholmes@gmail.com","Test1234","Employee","01GWFQ2GJ97CM6CYQS1DAZ16WQ"
"01GX9CM9GZJH28E2PDWXRBKA04","robertcabrera@gmail.com","Test1234","Employee","01GWFQ2GJ987CB56Y8EDWTAAA1"
"01GX9CM9GZJ4VEXT189ASR60WV","jodybrooks@gmail.com","Test1234","Employee","01GWFQ2GJ98A7RF0NT2ZJ4DX2H"
"01GX9CM9GZHN0JZTFCW4VJE1RP","crystalrich@gmail.com","Test1234","Employee","01GWFQ2GJ9EVENC3XYTHC9YHAX"
"01GX9CM9GZGVDD188N5CW3KMVV","patrickwarren@gmail.com","Test1234","Employee","01GWFQ2GJ9G1EFEMWGF7ACXBY3"
"01GX9CM9GZD226HHPJQHYGC5JC","christinesandoval@gmail.com","Test1234","Employee","01GWFQ2GJ9GZ5VS7VBWGGN3W24"
"01GX9CM9GZ8YNP552BQEW6VS0Y","austinduran@gmail.com","Test1234","Employee","01GWFQ2GJ9H991PX8XTB9PVV55"
"01GX9CM9GZ80KZN2Z5MGVNS0JH","jenniferkline@gmail.com","Test1234","Employee","01GWFQ2GJ9HF10M1Y41Z3TDXMV"
"01GX9CM9GZ397ZDJ605SKXSE96","tabithamcdaniel@gmail.com","Test1234","Employee","01GWFQ2GJ9JKH32DVZHE9T3763"
"01GX9CM9GYY4AP4KNAH37TE007","kimberlyedwards@gmail.com","Test1234","Employee","01GWFQ2GJ9KX11C0YXN3BFQZD0"
"01GX9CM9GYXCGQWP87VASBX7QC","jenniferavila@gmail.com","Test1234","Employee","01GWFQ2GJ9MPJN98VETD1Y7KAY"
"01GX9CM9GYSKRP72PB18QY1PAB","terripotts@gmail.com","Test1234","Employee","01GWFQ2GJ9P2C97G53AWN6V0MS"
"01GX9CM9GYPGCSPPJPXYVVNKHZ","chrismartin910@gmail.com","Test1234","Employee","01GWFQ2GJ9QQKA8FH3CFK7V6H4"
"01GX9CM9GYP3MQR6NC2X4QXWVK","stephanielarsen@gmail.com","Test1234","Employee","01GWFQ2GJ9R7VAA8WHYF7R42R1"
"01GX9CM9GYKAJXMJMXS26J1Z3Y","kimwalker90@gmail.com","Test1234","Employee","01GWFQ2GJ9STXJ97XVJRF8X1WM"
"01GX9CM9GYJWRRA04MMKXJ4K6Q","ellenmoran@gmail.com","Test1234","Employee","01GWFQ2GJ9T8RZBGD9MJRDDHD1"
"01GX9CM9GYGCAZ8BRVXN6GA1B3","kimberlyhicks@gmail.com","Test1234","Employee","01GWFQ2GJ9WEFA8T17Q5PFEXNS"
"01GX9CM9GYET9Q1G15R55A6VGT","bettymartinez@gmail.com","Test1234","Employee","01GWFQ2GJ9X87NZVQ18MFH4A8C"
"01GX9CM9GYCWS0ZQ0S0GG5WZS2","erictodd@gmail.com","Test1234","Employee","01GWFQ2GJATJCYPGFTBS988S27"
"01GX9CM9GY9FV1TYBFS5E1H646","nathanielroberson@gmail.com","Test1234","Employee","01GWFQ2GJAW0Y8N7FW4YNM742F"
"01GX9CM9GY3S363P35BY9DZAB8","haydensanchez@gmail.com","Test1234","Employee","01GWFQ2GJC1EP7G30NGCHC1F2E"
"01GX9CM9GY285XJ7QECVF7Z5RE","lindsayevans@gmail.com","Test1234","Employee","01GWFQ2GJC1ST1GASWT2BQS2ZP"
"01GX9CM9GY04VXFSZJPBY7AB1P","davidpetersen@gmail.com","Test1234","Employee","01GWFQ2GJC2SM39ZM5AJSA498N"
"01GX9CM9GXYEVFCX9FTG0W2V2D","seanjackson@gmail.com","Test1234","Employee","01GWFQ2GJC329C4S9J0NB0NSRE"
"01GX9CM9GXWTYAE2GKDPVGP4K0","haroldmorgan@gmail.com","Test1234","Employee","01GWFQ2GJC3PNT3Z454459RH0B"
"01GX9CM9GXWCKD4562H04MMG6B","timothyalexander@gmail.com","Test1234","Employee","01GWFQ2GJC4M3MRXQFVSZX4WQN"
"01GX9CM9GXS3RYJRMKENHVTK34","allisonbell@gmail.com","Test1234","Employee","01GWFQ2GJC6ZFX44GK6P84TPQN"
"01GX9CM9GXS3PC3YV3XHTV59MC","michaelelliott@gmail.com","Test1234","Employee","01GWFQ2GJCBQWWKJ6501Q4KN8T"
"01GX9CM9GXMBHVGDXD46X3CV45","stefaniekim@gmail.com","Test1234","Employee","01GWFQ2GJCFSJ5R9ZJDCF9ADXW"
"01GX9CM9GXG7J6AVN3BSJ2SMGQ","timothymcknight@gmail.com","Test1234","Employee","01GWFQ2GJCG6BDS28PRH17AW57"
"01GX9CM9GXCCZRJF68ZV78DVDM","robertgonzalez@gmail.com","Test1234","Employee","01GWFQ2GJCHEYNMFST1WZFJAP1"
"01GX9CM9GXA9PDP4E46GZ1CRNR","waynejohnson@gmail.com","Test1234","Employee","01GWFQ2GJCRVYCKEKAX2CEK83Y"
"01GX9CM9GX9GW4HCVC0FCS4F67","mr.briancook@gmail.com","Test1234","Employee","01GWFQ2GJCZG6P30JRQV7K7EKJ"
"01GX9CM9GX94BN9BD7CZFEGWYS","davidcook@gmail.com","Test1234","Employee","01GWFQ2GJD1J0S3TFVJT7XN8QF"
"01GX9CM9GX8V953QRGZJDBNBVR","karenwilson@gmail.com","Test1234","Employee","01GWFQ2GJD1WSND9S18E6X5VXB"
"01GX9CM9GX2Y8NBTHR9D55FMQZ","markpierce@gmail.com","Test1234","Employee","01GWFQ2GJD3ZCD59Y1VS78QB21"
"01GX9CM9GX256443DSDS8QA5CD","kevinholder@gmail.com","Test1234","Employee","01GWFQ2GJD4S6QW3YSJ6SDN1GY"
"01GX9CM9GX0AJ7EQS8PMW38Q85","aaronphillips@gmail.com","Test1234","Employee","01GWFQ2GJD5J0H3QK3GGFXR2G7"
"01GX9CM9GWZGX78H8G6XWVHCK8","alexandranelson@gmail.com","Test1234","Employee","01GWFQ2GJDGAYHH9YA23S5FRF8"
"01GX9CM9GWXKYGG0B1HTKX4QJJ","laurahammond@gmail.com","Test1234","Employee","01GWFQ2GJDGC9QTSM9ERYEBVH4"
"01GX9CM9GWR3NN8SFDW19PFPF0","kellysmith@gmail.com","Test1234","Employee","01GWFQ2GJDM5RDPQ883T2N68Y4"