customerId,ssn,fullName,age,city,postalCode,street,registrationDate
"01GW8XRBRKQG48KDE3NV66AFZN",417836902,"Oliver Woodard",42,"Tokyo","N3T 1L3","51 Cedar Street","2023-03-28"
"01GW8XRBRMAX9JGMT4BWRY54PX",961552977,"Maggie Rayburn",27,"New York City","V6H 1E3","18 Elm Avenue","2023-03-28"
"01GW8XRBRMGNZTJSHBDKBB7NV9",308664841,"Maximilian Hurley",19,"São Paulo","M4P 2H9","79 Pine Road","2023-03-28"
"01GW8XRBRMBB7W1MDY2Y8X0ZYA",754511684,"Sophie Whitaker",36,"Seoul","L5M 6W1","63 Oak Lane","2023-03-28"
"01GW8XRBRMMRWTY3H7CB238M8H",602982865,"Duncan Parrish",55,"Mexico City","T2J 4H7","42 Birch Drive","2023-03-28"
"01GW8XRBRMWS2KPPPV9N0N0NQ9",543915726,"Natalie Espinoza",29,"Jakarta","L3M 3T9","15 Maple Court","2023-03-28"
"01GW8XRBRM77WTBJX92B5842CH",287201447,"Graham McCallum",63,"Osaka","T3G 4M7","26 Willow Way","2023-03-28"
"01GW8XRBRMQHGPS5JWC7VPXH9B",984273039,"Jasmine Faulkner",47,"Manila","L1S 4N7","56 Ash Circle","2023-03-28"
"01GW8XRBRNP9AVX5JCRD886EAP",782798630,"Jacob Wilcox",31,"Mumbai","L4B 4M6","37 Laurel Boulevard","2023-03-28"
"01GW8XRBRN91YE9NCY05SKDCD8",899377469,"Dahlia Huffman",24,"Delhi","V5Z 4J5","48 Sycamore Place","2023-03-28"
"01GW8XRBRNNR9FGMS12TAZN7P9",322355568,"Quentin Akers",58,"Shanghai","M2N 6Z4","33 Cedar Street","2023-03-28"
"01GW8XRBRNBYK627YVHDKM2TNJ",443934342,"Savannah Gorman",45,"Los Angeles","V7V 1H9","24 Elm Avenue","2023-03-28"
"01GW8XRBRN5VME2SXNHFQEAPFJ",142921548,"Luke Devlin",38,"Moscow","T5J 3S4","70 Pine Road","2023-03-28"
"01GW8XRBRN3YY82RD27BZ96P7Y",520534011,"Lydia Sheffield",22,"Cairo","L5R 3N8","55 Oak Lane","2023-03-28"
"01GW8XRBRN3K19SK32ARWWX34T",679341706,"Gavin Beckett",51,"Paris","V1Y 9N2","38 Birch Drive","2023-03-28"
"01GW8XRBRNDAT93YXVKJZPP9JA",744391617,"Hazel McCulloch",33,"Chicago","M5J 2N8","11 Maple Court","2023-03-28"
"01GW8XRBRNBG4DK199H7XAKA0R",314799554,"Ethan Mahoney",41,"Bogotá","V5N 1J1","22 Willow Way","2023-03-28"
"01GW8XRBRNV56W644G44TDB0S0",277557238,"Phoebe Davenport",48,"Bangkok","V3R 6N7","52 Ash Circle","2023-03-28"
"01GW8XRBRPQP6PKDFCD9WK7VGB",919743033,"William Wainwright",26,"Beijing","L6P 2P9","43 Laurel Boulevard","2023-03-28"
"01GW8XRBRPRAH7G4XP3GREYHGK",441963456,"Emma Hawthorne",30,"London","T2J 5E5","54 Sycamore Place","2023-03-28"
"01GW8XRBRPMEPJV65MP1SV6N8Y",851901630,"Julian Swanson",53,"Lima","L5B 3Z7","41 Cedar Street","2023-03-28"
"01GW8XRBRPJ8KV8J8TG04VH698",701760959,"Avery Summers",20,"Tehran","M4T 1L1","20 Elm Avenue","2023-03-28"
"01GW8XRBRPDD4K7A3QR7TENTTN",207074802,"Adrianne Donovan",44,"Ho Chi Minh City","V6M 3W7","76 Pine Road","2023-03-28"
"01GW8XRBRPE5YEQD5QVGC7JYKV",871800045,"Sebastian Werner",35,"Bengaluru","T2X 0V1","61 Oak Lane","2023-03-28"
"01GW8XRBRP6EW18FES04NGA9C5",579582427,"Ava Blevins",52,"Hong Kong","V5R 4R4","46 Birch Drive","2023-03-28"
"01GW8XRBRPV9YMBPT9ZVXTAS0S",726360058,"Jackson Hutton",43,"Chennai","T2H 2K6","19 Maple Court","2023-03-28"
"01GW8XRBRPHA7VDD8M8MT4DPB9",566332026,"Lila Greene",50,"Rio de Janeiro","L9S 4T8","30 Willow Way","2023-03-28"
"01GW8XRBRPBPX13N2R2J50SJ4A",786266067,"Oscar Donnelly",57,"Istanbul","V7Y 1K8","60 Ash Circle","2023-03-28"
"01GW8XRBRPYA9G0FF4E0XW3QTP",272737980,"Marley Heath",39,"Shenzhen","L6P 3P4","35 Laurel Boulevard","2023-03-28"
"01GW8XRBRP1MJTH496PNM6Y3AZ",628239155,"Rhys Moffett",21,"Lahore","L1T 4Z6","46 Sycamore Place","2023-03-28"
"01GW8XRBRPER4VY8WZ20HF0S4M",809167230,"Lena Jamison",40,"Buenos Aires","V3Y 0E3","55 Cedar Street","2023-03-28"
"01GW8XRBRQE5BNAYW9R2BQSEP4",928521776,"Carter Leach",54,"Kinshasa","L3T 4P1","16 Elm Avenue","2023-03-28"
"01GW8XRBRQN6K9MEPZ6222ACHR",148736890,"Aubrey Bouchard",25,"Tianjin","M4R 1K8","73 Pine Road","2023-03-28"
"01GW8XRBRQ93TRK698PC8H0711",936087033,"Trevor Fournier",46,"Chongqing","T2J 2P2","58 Oak Lane","2023-03-28"
"01GW8XRBRQHA1Z6BTWT1E6QK47",965482759,"Gabriella Mendoza",34,"Guangzhou","L5N 6N4","41 Birch Drive","2023-03-28"
"01GW8XRBRQXKTGCXMPV3MKBYZF",662245764,"Dante Higgins",28,"Mumbai","M6C 2X4","14 Maple Court","2023-03-28"
"01GW8XRBRQ0MCZF0DGXR7E5MRY",301502883,"Bridgette Soto",56,"Karachi","V5N 4B7","25 Willow Way","2023-03-28"
"01GW8XXQJJY21BWVR1N7CD4X4W",216905695,"Damian Snow",23,"Dhaka","T2S 1T4","55 Ash Circle","2023-03-28"
"01GW8XXQJJ49MSZJW1DDDBAAGB",175580389,"Lorelei Ritter",38,"Nanjing","V6J 4G9","36 Laurel Boulevard","2023-03-28"
"01GWB55V6Q7MMQGGCB4CR3EG69",548338135,"Tristan Andrade",22,"Baghdad","M5S 1V6","47 Sycamore Place","2023-03-28"
"01GWGKK80VA5DDW1H2TMZPAVBK",188262413,"Carrie Henderson",51,"Bangalore","L4C 5K5","49 Cedar Street","2023-03-28"
"01GWGKK80W44N3CW8GPY1BT3VZ",364914231,"Carrie Ortiz",33,"Hanoi","V5Z 3X9","22 Elm Avenue","2023-03-28"
"01GWGKK80W7044VT8VDHC5G1PM",990667711,"Dr. Shannon Anderson",41,"Bangui","M2N 5Y7","77 Pine Road","2023-03-28"
"01GWGKK80WCZT0KPQYQC27NMRP",794072258,"George Martinez",48,"Kuala Lumpur","L5N 2W2","62 Oak Lane","2023-03-28"
"01GWGKK80WP8CF8JYX83VP5VAK",414008164,"Jerry Gonzales",26,"Miami","T2J 0N3","43 Birch Drive","2023-03-28"
"01GWGKK80X74F7VER403NAPDS5",878015439,"Melissa Ward",30,"Philadelphia","L3T 7Y3","16 Maple Court","2023-03-28"
"01GWGKK80XM8SKSQ45Y7513391",846825655,"Tracy Wheeler",53,"Madrid","V7T 1W5","27 Willow Way","2023-03-28"
"01GWGKK80XMQPNT5N477SN0QA9",637052567,"Ashley Lewis",20,"Houston","L9X 0T6","57 Ash Circle","2023-03-28"
"01GWGKK80XR3QNT8QDT4JEM28R",867462522,"Hayden Guerrero",44,"Washington, D.C.","L1T 0K2","38 Laurel Boulevard","2023-03-28"
"01GWGKK80XTRXRA10892ZA193J",223238750,"Joann Taylor",35,"Toronto","V5R 2P2","49 Sycamore Place","2023-03-28"
"01GWGKK80XW7X2S19JXFJJCDDR",375728013,"Shannon Hill",52,"Atlanta","T2J 3K1","52 Cedar Street","2023-03-28"
"01GWGKK80XZ4PPEWZEM0YV01HA",305292047,"David Baker",43,"Milan","L5N 7M5","19 Elm Avenue","2023-03-28"
"01GWGKK80Y16410TWCNAZK7F50",410956152,"Jeffery Rodriguez",50,"Khartoum","V7T 1G1","80 Pine Road","2023-03-28"
"01GWGKK80Y7SJSKT1BT1HWZC4E",118581281,"Luis Banks",57,"Dallas","M5S 1T7","59 Oak Lane","2023-03-28"
"01GWGKK80Y833P5NNZMZXJA3AN",803786283,"Norman Welch",39,"Barcelona","T2T 2Y5","40 Birch Drive","2023-03-28"
"01GWGKK80YGR0032VRP01MS1BE",331557426,"Christopher Martinez",21,"Belém","V5Z 1J4","13 Maple Court","2023-03-28"
"01GWGKK80YWAWDWWQ2VK4TCA3Y",937414390,"Monica Smith",38,"Houston-Sugar Land-Baytown","L6S 5P8","23 Willow Way","2023-03-28"
"01GWGKK80Z20VQBVFF2AJSP8FG",372466998,"Kathleen Williams",22,"Kolkata","L1S 4S6","54 Ash Circle","2023-03-28"
"01GWGKK80Z2KN0J6T9PTFYZB55",624358176,"Eric Hansen",51,"St. Petersburg","L3T 5N5","34 Laurel Boulevard","2023-03-28"
"01GWGKK80Z7F74QBK4NVZ804CV",569674182,"April Simmons",33,"Sydney","M5R 2E2","44 Sycamore Place","2023-03-28"
"01GWGKK80ZBDPWECY0TWFQ1A2H",104472873,"Chad Parsons",41,"Kampala","V6B 1G1","47 Cedar Street","2023-03-28"
"01GWGKK80ZEFZEXPHCV1VZPYGB",983491382,"Donald Frazier",48,"Santiago","T3K 5L5","21 Elm Avenue","2023-03-28"
"01GWGKK80ZHRBMYFY8PFY72HQD",773688004,"Adam Brown",26,"Dakar","L5R 2E6","72 Pine Road","2023-03-28"
"01GWGKK80ZKESKYZCERFCNT1Y6",417883394,"Krista Parker",30,"Mogadishu","V5H 4M2","57 Oak Lane","2023-03-28"
"01GWGKK80ZM9DNXTM7K6HFT1QW",186907802,"Kelly Davis",53,"Nairobi","L1S 6V4","39 Birch Drive","2023-03-28"
"01GWGKK80ZNMRBHSS62ZSTRFV0",690138473,"Kenneth Cannon",20,"Addis Ababa","T2V 0M4","12 Maple Court","2023-03-28"
"01GWGKK8102XCJET3GAPBAA70S",384616362,"Heather Love",44,"Dar es Salaam","M5S 2E6","29 Willow Way","2023-03-28"
"01GWGKK8102Z8AS42ZT8Y49GGW",385364575,"Stephen Brown",35,"Abidjan","V7T 1H9","59 Ash Circle","2023-03-28"
"01GWGKK810E4PKVYQBGN1B04SY",764763010,"Cameron Robinson",38,"Brisbane","V7V 1H9","32 Laurel Boulevard","2023-03-28"
"01GWGKK810F9TBYH7X4M9JDT8N",862759027,"Mrs. Jennifer Soto",22,"Johannesburg","T5J 3S4","42 Sycamore Place","2023-03-28"
"01GWGKK810J3AJ4J2WVBCKGA3N",331899748,"Isabella Jones",51,"Cape Town","L5R 3N8","50 Cedar Street","2023-03-28"
"01GWGKK810K4MG9V922SEX5Y0H",249542248,"Jessica Moreno",33,"Durban","V1Y 9N2","17 Elm Avenue","2023-03-28"
"01GWGKK810QPKJW28321DXBS79",382081942,"Thomas Hart",41,"Kiev","M5J 2N8","75 Pine Road","2023-03-28"
"01GWGKK810T2Z9HA4JMXYAT556",596623308,"Amanda Edwards",48,"Rome","V5N 1J1","60 Oak Lane","2023-03-28"
"01GWGKK810TCKDNMQFYC2WGPEJ",540521791,"Emily Miller",26,"Singapore","V3R 6N7","45 Birch Drive","2023-03-28"
"01GWGKK810TZPVTG461ZA7XPHQ",157867021,"Leonard Cooke",30,"Toronto","L6P 2P9","18 Maple Court","2023-03-28"
"01GWGKK810Z2J4AH8PF7EV31MS",426080052,"Emily Harris",53,"Berlin","T2J 5E5","28 Willow Way","2023-03-28"
"01GWGKK810ZAXYR018X9E6RCH2",818835541,"Misty Carlson",20,"Montreal","L5B 3Z7","58 Ash Circle","2023-03-28"
"01GWGKK810ZYQNT5CDGZFN887M",501786074,"Martin Fleming",44,"Calgary","M4T 1L1","39 Laurel Boulevard","2023-03-28"
"01GWGKK811NH0GYTX7DZZHA4B4",579080139,"Robert Schmitt",35,"Melbourne","V6M 3W7","50 Sycamore Place","2023-03-28"