issueId,issue,roomId
"01GW8W5DAA7HVB1AD0BEAMJ86Z","Room phone is not working","01GW8Y2K5RC8WWG5Z7MTHHC3PV"
"01GW8W5DAAERFHDHBCJ8SH8ZWS","Curtains don't close properly","01GW8Y2K5RC8WWG5Z7MTHHC3PV"
"01GW8W5DAAN658A1DMWN4704E9","Coffee maker is not working","01GW8Y2K5R3P27T3XWYF8PN7S7"
"01GW8W5DAA3PF97YQTXJZC9VRA","Pillows are too flat","01GW8Y2K5R3P27T3XWYF8PN7S7"
"01GW8W5DABEVJY2ZQS6AM571P3","Light fixtures are not working","01GW8Y2K5RYEWG61AX0JX9HYPG"
"01GW8W5DABKY1X0X5NBYG593NH","Room is too noisy","01GW8Y2K5RYEWG61AX0JX9HYPG"
"01GW8W5DABQZQPFAQBJAADPM6X","The door is difficult to open or close","01GW8Y2K5RD6AQCQDA5C80G6GM"
"01GW8W5DABS8NAQ2NWMRRVT2YK","Room key is not working","01GW8Y2K5RD6AQCQDA5C80G6GM"
"01GW8W5DAB90AY8HTG299RTXBK","Room is too noisy","01GW8Y2K5R1XKF3ACHBP58790W"
"01GW8W5DABZ8973VXY7KTN6QHZ","Heater is not working","01GW8Y2K5R1XKF3ACHBP58790W"
"01GW8W5DABG0ZAKEKF2HVZS767","No hot water in the shower","01GW8Y2K5R68PBMYAXGP282BYS"
"01GW8W5DABMH1415EGZGC9JFPR","Hair dryer is not working","01GW8Y2K5R68PBMYAXGP282BYS"
"01GW8W5DAB0A614KVQPA4S05HM","The door is difficult to open or close","01GW8Y2K5RA7EJ4JAY8RVT9H7N"
"01GW8W5DABFA2JY9HT5C6R5JDD","Mini fridge is too loud","01GW8Y2K5RA7EJ4JAY8RVT9H7N"
"01GW8W5DABB1D5AWWY4296F8FC","Room is too dark","01GW8Y2K5RS5EEPF74946DXX8Z"
"01GW8W5DACYAMA0WGWCXD7E13J","Room smells bad","01GW8Y2K5RS5EEPF74946DXX8Z"
"01GW8W5DACQ83VK3RA92X8VWRH","Heater is not working","01GW8Y2K5SDW6RT22BD7TFJSM2"
"01GW8W5DACWPB5D78HCVWMWWJ8","Room is too noisy","01GW8Y2K5SDW6RT22BD7TFJSM2"
"01GW8W5DACP6ZTWCGEKNDZ98EF","The door is difficult to open or close","01GW8Y2K5SSF76QZM7J9AMXCDK"
"01GW8W5DACKQM71DFMRB5NE8AF","TV has no signal","01GW8Y2K5SSF76QZM7J9AMXCDK"
"01GW8W5DAC02N6M0QHM4Q1HZR4","Smoke detector is beeping","01GW8Y2K5SM6YXA9FNYBZ94X84"
"01GW8W5DACNXQFPVG12JNQE38G","Heater is not working","01GW8Y2K5SM6YXA9FNYBZ94X84"
"01GW8W5DACHR0W6H9YMRYD8M9B","Room service is not available","01GW8Y2K5S7G6D8J4R78C8TGCV"
"01GW8W5DACYACRAKXFM4ZSGN2E","Not enough electrical outlets","01GW8Y2K5S7G6D8J4R78C8TGCV"
"01GW8W5DAC669N5YXCD4TNDKVF","Iron is not working","01GW8Y2K5SQD44A9ZRXC078S0C"
"01GW8W5DACMRKQH39XYB2B6TSS","Housekeeping did not clean the room","01GW8Y2K5SQD44A9ZRXC078S0C"
"01GW8W5DAD39TSX7KHCQH4298A","Coffee maker is not working","01GW8Y2K5S7JNSBE4Y7T6WWP2D"
"01GW8W5DADYK83RBAYTRF8E9H9","Curtains don't close properly","01GW8Y2K5S7JNSBE4Y7T6WWP2D"
"01GW8W5DADWGSZDWZ3BK8TBXJY","Mini fridge is too loud","01GW8Y2K5S4E2RBN4BEDPZQP0K"
"01GW8W5DADJST0BBM3ZSY9Z8WC","Pillows are too firm","01GW8Y2K5S4E2RBN4BEDPZQP0K"
"01GW8W5DAD9GTZYD5Z8R0AV77H","TV remote is not working","01GW8Y2K5S0S24FEDWNYXCTJ9K"
"01GW8W5DAD9MTM86BG44VGDJDS","Towels are not clean","01GW8Y2K5S0S24FEDWNYXCTJ9K"
"01GW8W5DADKT35CDWSZE2R5RJZ","Hair dryer is not working","01GW8Y2K5S123J4Y7G8NTPYV84"
"01GW8W5DADCRAWTM43Z15EGCYA","Room phone is not working","01GW8Y2K5S123J4Y7G8NTPYV84"
"01GW8W5DAD85V3JA6K6PM24DGM","Water pressure in shower is too low","01GW8Y2K5S9ZP3NMD6DQDZNYVX"
"01GW8WCJZHR5JF2N1X9X1SNN6E","Air conditioning is not working","01GW8Y2K5S9ZP3NMD6DQDZNYVX"
"01GW8WCJZHFAAKT0DBCWHS2MZN","Air conditioning is not working","01GW8Y2K5SPNMZPEHQX2NZKERY"
01GW8WCJZHVK823XATTQCA2BSR,"Light fixtures are not working","01GW8Y2K5SPNMZPEHQX2NZKERY"
"01GW8WCJZHDHVFQSVFKSSHG3BH","TV has no signal","01GW8Y2K5S59GESBEKBR62PRCS"
"01GW8WCJZHJVFPTC4JX4DEKD00","TV has no signal","01GW8Y2K5S59GESBEKBR62PRCS"
"01GWNBG7F52K7B1760HSHHP0VT","No hot water in the shower","01GW8Y2K5TNZPPYWEG7V18ATCJ"
"01GWNBG7F5Y37SW9JH9QXXJWG7","Faucet is leaking","01GW8Y2K5TNZPPYWEG7V18ATCJ"
"01GWNBG7F61G7Y4YTE5SB5236Z","Carpet has stains","01GW8Y2K5THYHSJQ88HGX1976K"
"01GWNBG7F667WC9C14QW6X0597","Hair dryer is not working","01GW8Y2K5THYHSJQ88HGX1976K"
"01GWNBG7F6SEJH5J46F8JQAV5H","Hair dryer is not working","01GW8Y2K5TM299CPGCDGV29NDP"
"01GWNBG7F6W103T2ASCXRGMJWQ","Housekeeping did not restock amenities","01GW8Y2K5TM299CPGCDGV29NDP"
"01GWNBG7F7206KFG96QZ10BBE7","Room service is not available","01GW8Y2K5TCCAD369WJ36E6Z6D"
"01GWNBG7F73DS1QBKD4NNKP0J4","Room smells bad","01GW8Y2K5TCCAD369WJ36E6Z6D"
"01GWNBG7F73J6AFSQJYP26C329","Mini fridge is not cold enough","01GW8Y2K5T7VYAWX8C0V0Q5HH5"
"01GWNBG7F76G7R9V41ZEZT7PJT","The door is difficult to open or close","01GW8Y2K5T7VYAWX8C0V0Q5HH5"
"01GWNBG7F7B28XPJCNFKMZK2X8","Mini fridge is too loud","01GW8Y2K5TSNY43TDKWC1N9F8S"
"01GWNBG7F7ECCR37FBMP9S22YX","Windows don't close properly","01GW8Y2K5TSNY43TDKWC1N9F8S"
"01GWNBG7F7ESG21X67V8GS5Q39","Housekeeping did not restock amenities","01GW8Y2K5TAMTE49MXN3QZZ62F"
"01GWNBG7F7F0MFR04V1ZX1XMG4","Water pressure in shower is too low","01GW8Y2K5TAMTE49MXN3QZZ62F"
"01GWNBG7F7H28HB845SC74AEY6","Pillows are too flat","01GW8Y2K5T7JBNXFQNX5JEF7AF"
"01GWNBG7F7T47GVQWSKY8593WC","Heater is not working","01GW8Y2K5T7JBNXFQNX5JEF7AF"
"01GWNBG7F7TPVPD6H38MQFZRE8","The door is difficult to open or close","01GW8Y2K5T4V65HSD0T09F52X5"
"01GWNBG7F80B3VCFT5QG9SKEMJ","Heater is not working","01GW8Y2K5T4V65HSD0T09F52X5"
"01GWNBG7F82PG251SF19DKNXFG","TV remote is not working","01GW8Y2K5TY1H7ZK9MTNYVMSRT"
"01GWNBG7F83E3WBKSJXM16GF90","Room is too dark","01GW8Y2K5TY1H7ZK9MTNYVMSRT"
"01GWNBG7F85PJ8CQ6SCP8FM48K","Heater is not working","01GW8Y2K5T5SJ44HCPRR4HHCAC"
"01GWNBG7F861J3KQKAFFB5W4H8","Pillows are too firm","01GW8Y2K5T5SJ44HCPRR4HHCAC"
"01GWNBG7F89M5SWQ36XVZSJGFP","Air conditioning is not working","01GW8Y2K5TXY8QMDP1M6TC4QXH"
"01GWNBG7F8CC3PDB7T6P4TX6SA","Sheets have stains on them","01GW8Y2K5TXY8QMDP1M6TC4QXH"
"01GWNBG7F8GSK7H8HKW3A9ADK7","Room service is not available","01GW8YA4F3QBNAAQJ02D7DF5MJ"
"01GWNBG7F8HE0271BF42K95SR2","Sheets have stains on them","01GW8YA4F3QBNAAQJ02D7DF5MJ"
"01GWNBG7F8JBG3BRZ3VJK5A5J0","Faucet is leaking","01GW8YA4F3HMQZ0K558Z73H6G2"
"01GWNBG7F8N0MBAXN80Y7RG8YH","Light fixtures are not working","01GW8YA4F3HMQZ0K558Z73H6G2"
"01GWNBG7F8SGTPVHWTWJAZQ4HZ","Room service is not available","01GW8YA4F3599VNPJS47NDMQVF"
"01GWNBG7F8SJMDGMC7HCD6Z9X9","Light fixtures are not working","01GW8YA4F3599VNPJS47NDMQVF"
"01GWNBG7F8V8QTNNPBAPJSFWZ2","Room key is not working","01GW8YA4F362AXNW47G43DFH8B"
"01GWNBG7F926NK3GSH73Q1QQXE","Mini fridge is not cold enough","01GW8YA4F362AXNW47G43DFH8B"
"01GWNBG7F93001P5M94M4NREV3","Carpet has stains","01GW8YA4F3FXJH48J72WY1M65H"
"01GWNBG7F95AWNSE8DH2KGJ0XC","Housekeeping did not clean the room","01GW8YA4F3FXJH48J72WY1M65H"
"01GWNBG7F95PD355Y6AHW86GK7","Room is too dark","01GW8YA4F3EPXY6EMH50G0QC93"
"01GWNBG7F9B2G2X309Z6DAD6NB","Room service is not available","01GW8YA4F3EPXY6EMH50G0QC93"
"01GWNBG7F9BXDMDQ7HN89AEXTW","No coffee or tea in the room","01GW8YA4F32F4E67X46D8A115M"
"01GWNBG7F9DJ5V33G1AGAA0GM5","Iron is not working","01GW8YA4F32F4E67X46D8A115M"
"01GWNBG7F9EJCWZ8NA4Z1P12TV","Room is too dark","01GWD9P0VAQKK6SEZR1F770H2V"
"01GWNBG7F9FVNBJSZA845ZTBFV","Mini fridge is not cold enough","01GWD9P0VAQKK6SEZR1F770H2V"
"01GWNBG7F9HQNTNKT1XW42QXZ2","Sheets have stains on them","01GWD9P0VAGE97D411KWC830A5"
"01GWNBG7F9J4TMMYDDVXJBNW0P","Hair dryer is not working","01GWD9P0VAGE97D411KWC830A5"
"01GWNBG7F9NDW1D5MRTJJXDXWX","Smoke detector is beeping","01GWD9P0VBCZYS0PD6B5ABX8H3"
"01GWNBG7F9PFMC06FS4G8N9SR7","Carpet has stains","01GWD9P0VBCZYS0PD6B5ABX8H3"
"01GWNBG7F9SNSPTKC2SGNYX7SD","Faucet is leaking","01GWD9P0VBETGS8M020EZEF68H"
"01GWNBG7F9YVF5WSV6TB1EAJAF","Sheets have stains on them","01GWD9P0VBETGS8M020EZEF68H"
"01GWNBG7F9Z73MCGPYGCXS838J","Smoke detector is beeping","01GWD9P0VB0A247VJ2WFBYGNCN"
"01GWNBG7FA0DSH4J93333R65GM","No hot water in the shower","01GWD9P0VB0A247VJ2WFBYGNCN"
"01GWNBG7FA47WY0Q91E4V0FGXE","Pillows are too firm","01GWD9P0VB96GYX8QAKNYTMPK9"
"01GWNBG7FA5E6460DJ9R9C854E","TV has no signal","01GWD9P0VB96GYX8QAKNYTMPK9"
"01GWNBG7FA8N5A3878NYSWAETD","Water pressure in shower is too low","01GWD9P0VB63BBHEEZXQDZ3NHP"
"01GWNBG7FAD1VR2APW5MJ6KCCT","Housekeeping did not restock amenities","01GWD9P0VB63BBHEEZXQDZ3NHP"
"01GWNBG7FAG8CSQV8X0EXN7TAG","Light fixtures are not working","01GWD9P0VB30CT60EQWFNH1WAT"
"01GWNBG7FAJDY1PBTPH28YYN56","Sheets have stains on them","01GWD9P0VB30CT60EQWFNH1WAT"
"01GWNBG7FAQAW4AS1SRT1WQDVS","Room is too dark","01GWD9P0VBS463EK97EPRZZF44"
"01GWNBG7FARAET0M6TEVJA0R19","Wi-Fi is not connecting","01GWD9P0VBS463EK97EPRZZF44"
"01GWNBG7FARECNA1HXB1DAC21R","Room smells bad","01GWD9P0VB4RNRCYJVC5RDQSDS"
"01GWNBG7FAT55EBQGEKDZD7B1S","Iron is not working","01GWD9P0VB4RNRCYJVC5RDQSDS"
"01GWNBG7FAVCK8AASCF9SM6KNZ","Microwave is not working","01GWD9P0VB92VJT5HJQARVMMV7"
"01GWNBG7FAVHRBCZ0NP6RHXPGZ","TV remote is not working","01GWD9P0VB92VJT5HJQARVMMV7"
"01GWNBG7FAWXM5R4PQ5QHE40E6","Windows don't close properly","01GWD9P0VB94X1VXFJG3FEP6NC"
"01GWNBG7FAX3HH4C8DNYACHN98","TV remote is not working","01GWD9P0VB94X1VXFJG3FEP6NC"
"01GWNBG7FAX5B5D1SY2NWMC790","Carpet has stains","01GWD9P0VBFDNMWQTXCQYNT4DH"
"01GWNBG7FAY38P6D6DH1K4SHRS","Coffee maker is not working","01GWD9P0VBFDNMWQTXCQYNT4DH"
"01GWNBG7FB18ZSA7Z045YZ9V8J","No towels in the room","01GWD9P0VBKQ8SFX0HSJD2QPRB"
"01GWNBG7FB21MWQV3Q8NX7C43T","Curtains don't close properly","01GWD9P0VBKQ8SFX0HSJD2QPRB"
"01GWNBG7FB3JEJ3DDDC0PC1KCM","Pillows are too flat","01GWD9P0VBPBAESBJZNDTESQR9"
"01GWNBG7FB3PA2TW232B0CNHPF","Pillows are too flat","01GWD9P0VBPBAESBJZNDTESQR9"
"01GWNBG7FB4E7972F67KDQDHYT","Towels are not clean","01GWD9P0VC67YJT3849KW1X09X"
"01GWNBG7FB58F036BMF28X1WT1","Room key is not working","01GWD9P0VC67YJT3849KW1X09X"
"01GWNBG7FB5GTM8NKD7YC6ZECD","No hot water in the shower","01GWD9P0VCKSA09EV782ASX9XY"
"01GWNBG7FB7VNSJ20NSKG0YHYZ","Microwave is not working","01GWD9P0VCKSA09EV782ASX9XY"
"01GWNBG7FB9896XFRT8CH6HHCQ","Faucet is leaking","01GWD9P0VCHZP7B2J0M2V84VZN"
"01GWNBG7FBARAEAQ77HDGTNV8F","Carpet has stains","01GWD9P0VCHZP7B2J0M2V84VZN"
"01GWNBG7FBBB18R981D54M51J9","Fire alarm is beeping","01GWD9P0VCD0P2YM4KZSAXXAJ2"
"01GWNBG7FBGTD6M8GEABBQ7GYR","Iron is not working","01GWD9P0VCD0P2YM4KZSAXXAJ2"
"01GWNBG7FBT45E8DX7D6DD3D5Z","Not enough electrical outlets","01GWD9P0VCNN2J4WZPEZ6BWQBW"
"01GWNBG7FBV7FR8TR6G4479WPD","Housekeeping did not restock amenities","01GWD9P0VCNN2J4WZPEZ6BWQBW"
"01GWNBG7FBXAXYGTSJ38062EM7","Room phone is not working","01GWD9P0VCKE0F6DNRYRN32HJG"
"01GWNBG7FBZBXCJ90YCC6047EF","Windows don't close properly","01GWD9P0VCKE0F6DNRYRN32HJG"
"01GWNBG7FC2BFRA67TDBWZE04E","Housekeeping did not restock amenities","01GWD9P0VCEERS55SC4E1C0NB3"
"01GWNBG7FC2SBG3PG6YPD0WGGE","Wi-Fi is not connecting","01GWD9P0VCEERS55SC4E1C0NB3"
"01GWNBG7FC36S9X9KR6Y4XC876","Fire alarm is beeping","01GWD9P0VC9BCX2W8XFZR0NW81"
"01GWNBG7FC8BZ2VA2PGY8EHDFA","Curtains don't close properly","01GWD9P0VC9BCX2W8XFZR0NW81"
"01GWNBG7FC8TY73ZEMRX16NGCE","Light fixtures are not working","01GWD9P0VC1YGJ305DM5H8WR49"
"01GWNBG7FC9MDFE38FJQ7YMHN7","Room phone is not working","01GWD9P0VC1YGJ305DM5H8WR49"
"01GWNBG7FC9ZY4PHNKZ6DBCGYR","Mini fridge is too loud","01GWD9P0VCX6C5TEG2M53MZWYC"
"01GWNBG7FCEE46EVJ6PYM0CKYV","Mini fridge is not cold enough","01GWD9P0VCX6C5TEG2M53MZWYC"
"01GWNBG7FCEJ5FQGA5G483MW74","Pillows are too firm","01GWD9P0VCHEJKE3MY1Z56N773"
"01GWNBG7FCPFMQ54C2P3BD5DNZ","The door is difficult to open or close","01GWD9P0VCHEJKE3MY1Z56N773"
"01GWNBG7FCRJX6DXRH2ZXKFYTV","Bed is too soft","01GWD9P0VC2F539DBASGWGASF6"
"01GWNBG7FCSA034Y6494WE4V04","Smoke detector is beeping","01GWD9P0VC2F539DBASGWGASF6"
"01GWNBG7FCSKJKP39ZYMMJRG6Q","Bed is too hard","01GWD9P0VCBSYTK9E26KZGP32V"
"01GWNBG7FCSMZHJ7NMN07ATDAN","Coffee maker is not working","01GWD9P0VCBSYTK9E26KZGP32V"
"01GWNBG7FCWD8WR8YZ1CD2F4PE","Towels are not clean","01GWD9P0VCN46Q3J6NNAGSTKYE"
"01GWNBG7FD09FF6H4MMRZYJ69S","Water pressure in shower is too low","01GWD9P0VCN46Q3J6NNAGSTKYE"
"01GWNBG7FD2GZE4QNX2YH14J0B","Housekeeping did not restock amenities","01GWD9P0VCSYKR1CJ5M1YFY3EK"
"01GWNBG7FDA5ZYY0X27BDAPT7Q","Microwave is not working","01GWD9P0VCSYKR1CJ5M1YFY3EK"
"01GWNBG7FDACW030JF34JXYRKT","Air conditioning is not working","01GWD9P0VC1VTD0M71KCP143ZG"
"01GWNBG7FDBRAPMXDJQ237Y7M1","Pillows are too firm","01GWD9P0VC1VTD0M71KCP143ZG"
"01GWNBG7FDBT645RBJCQKS29FC","Microwave is not working","01GWD9P0VCDF5MGH6WQHJN4HDJ"
"01GWNBG7FDHDAJ7YK5YHNWET8M","Room is too noisy","01GWD9P0VCDF5MGH6WQHJN4HDJ"
"01GWNBG7FDHHZ5YASATSX52WNY","Toilet is not flushing properly","01GWD9P0VCGKDWSZJPWNV4SY0A"
"01GWNBG7FDHSV0XSF2D83JYJ5T","Mini fridge is too loud","01GWD9P0VCGKDWSZJPWNV4SY0A"
"01GWNBG7FDKFM6FTQZ9EZSQ7C3","Air conditioning is not working","01GWD9P0VCA0TZA5Q2KAM0SY9W"
"01GWNBG7FDM2QYJVXRAWGSS33P","Faucet is leaking","01GWD9P0VCA0TZA5Q2KAM0SY9W"
"01GWNBG7FDPSCQW02J61JQP5RJ","Wi-Fi is not connecting","01GWD9P0VCF4A4AM5QBVFAPXCP"
"01GWNBG7FDZB6BH6GRBE222RVD","Sheets have stains on them","01GWD9P0VCF4A4AM5QBVFAPXCP"
"01GWNBG7FE3708BPA2DAV19HQ9","Room smells bad","01GWD9P0VC22JA67YEBB17YJ6F"
"01GWNBG7FE40W6RN079KENTMSF","TV has no signal","01GWD9P0VC22JA67YEBB17YJ6F"
"01GWNBG7FE4PV0YTRPNK65S870","Mini fridge is not cold enough","01GWD9P0VCQTJVGVW8CSXVXE7E"
"01GWNBG7FE89PNY196FGE30G3H","Towels are not clean","01GWD9P0VCQTJVGVW8CSXVXE7E"
"01GWNBG7FEF0P5WKB32SZ787G1","Microwave is not working","01GWD9P0VCH83YV9J9PJD1FJ0W"
"01GWNBG7FEKV8FSGRR92VDWKQ7","No towels in the room","01GWD9P0VCH83YV9J9PJD1FJ0W"
"01GWNBG7FEM55WK714GSMC21XA","Pillows are too flat","01GWD9P0VDG9XNWQEB49F4ZFNG"
"01GWNBG7FEN5EKY651H7C22WGF","No towels in the room","01GWD9P0VDG9XNWQEB49F4ZFNG"
"01GWNBG7FERE1Q06PA6RGTEN6C","Housekeeping did not clean the room","01GWD9P0VDZTGYJXTRQGBA0W3E"
"01GWNBG7FES1SKCW46VBDH0JX9","No coffee or tea in the room","01GWD9P0VDZTGYJXTRQGBA0W3E"
"01GWNBG7FESB74JV2NZX5DYPRA","Bed is too soft","01GWD9P0VDPJQ733R1THR2NS3J"
"01GWNBG7FEYDTFZ6AH93S6T54Y","The door is difficult to open or close","01GWD9P0VDPJQ733R1THR2NS3J"
"01GWNBG7FF0VS1KGDXWRZ59N4Q","Curtains don't close properly","01GWD9P0VDFFMRA2V8W6RF0M17"
"01GWNBG7FF15Y82HQJBEW20TW3","Not enough electrical outlets","01GWD9P0VDFFMRA2V8W6RF0M17"
"01GWNBG7FF99KMCNC7KJS8YWGZ","Bed is too hard","01GWD9P0VD3FWFD83H88A08YNB"
"01GWNBG7FFDH0Q9XB4B9QT9A5X","Room phone is not working","01GWD9P0VD3FWFD83H88A08YNB"
"01GWNBG7FFEE0MK7QS5TANW8QS","Light fixtures are not working","01GWD9P0VDSH3FA7HXMG3J4XYX"
"01GWNBG7FFEZAE63B8DR7EP7X6","Sheets have stains on them","01GWD9P0VDSH3FA7HXMG3J4XYX"
"01GWNBG7FFGATQ5PD881KGEZFQ","Curtains don't close properly","01GWD9P0VDRYTDF1Y6MJC267R5"
"01GWNBG7FFJ1FXZ1EA534E2Y69","Room key is not working","01GWD9P0VDRYTDF1Y6MJC267R5"
"01GWNBG7FFJZGSWEW7JWAR6Q6Q","Smoke detector is beeping","01GWD9P0VDDDA7CYX8MX2PVR1F"
"01GWNBG7FFJZY3YXEJNNNC7Q46","Pillows are too firm","01GWD9P0VDDDA7CYX8MX2PVR1F"
"01GWNBG7FFQM48Y27ZRNB9RQRZ","Pillows are too firm","01GWD9P0VDS0A9V2P84X4PREDW"
"01GWNBG7FFRWQBJX3H10AMCNXG","Room is too noisy","01GWD9P0VDS0A9V2P84X4PREDW"
"01GWNBG7FFWQHM9AW0KYRME863","Towels are not clean","01GWD9P0VDFEASFTB04CN4DQBX"
"01GWNBG7FG1FJ1F80H6CKBHYBA","Pillows are too flat","01GWD9P0VDFEASFTB04CN4DQBX"
"01GWNBG7FG1Q712XFV6SCHBG76","Microwave is not working","01GWD9P0VD2XW5XJP44HEZ8J0F"
"01GWNBG7FG2MRXR45RDVNF8QKY","Pillows are too firm","01GWD9P0VD2XW5XJP44HEZ8J0F"
"01GWNBG7FG9ZETBXNQWEBD6V98","Mini fridge is not cold enough","01GWD9P0VDKW3JR4QEG1W4S3KD"
"01GWNBG7FGA920KP8WT31JX715","Toilet is not flushing properly","01GWD9P0VDKW3JR4QEG1W4S3KD"
"01GWNBG7FGDDDJWZNK0K4H7T89","Housekeeping did not clean the room","01GWD9P0VDKG58VV19WK0ZXYKY"
"01GWNBG7FGDZWAAJ2Z9WMKZCHE","Iron is not working","01GWD9P0VDKG58VV19WK0ZXYKY"
"01GWNBG7FGEBFVAT0T8EV7T4D7","Safe is not working","01GWD9P0VDMZ7CCFPHKP7CD3YT"
"01GWNBG7FGJPTS7XS34AV428NH","Not enough electrical outlets","01GWD9P0VDMZ7CCFPHKP7CD3YT"
"01GWNBG7FGKGNZTR0QG1RJHH35","Air conditioning is not working","01GWD9P0VDY7XNAPGGP5QX3GBN"
"01GWNBG7FGP84BKNXMQN35R7H4","Room smells bad","01GWD9P0VDY7XNAPGGP5QX3GBN"
"01GWNBG7FGQXDNT014XXS6BT84","Room key is not working","01GWD9P0VDAHQW6SYCNCKR2QJG"
"01GWNBG7FGTEZAQRY9SB08KHS6","Room smells bad","01GWD9P0VDAHQW6SYCNCKR2QJG"
"01GWNBG7FGX54E0TA1BC0QN1EY","Hair dryer is not working","01GWD9P0VDGXFKZ4F0T911AMSC"
"01GWNBG7FGXPWTD0HDF8S2QCTA","Iron is not working","01GWD9P0VDGXFKZ4F0T911AMSC"
"01GWNBG7FH2G52QYB551ZVT304","No hot water in the shower","01GWD9P0VDDM9T8GGZK27R67EC"
"01GWNBG7FH4WES2V5JD036NV6R","Air conditioning is not working","01GWD9P0VDDM9T8GGZK27R67EC"
"01GWNBG7FHE2Q4G1TCHF85A7TJ","Safe is not working","01GWD9P0VD4W7EFZ8775J35K4F"
"01GWNBG7FHGNNHEC9HF83ZNR0V","Room phone is not working","01GWD9P0VD4W7EFZ8775J35K4F"
"01GWNBG7FHH6AF5ND0HDPTVHZ1","Safe is not working","01GWD9P0VDBJY7Z7D38X5GJQZ5"
"01GWNBG7FHHKX4PVQ8JYJRA3A9","Room is too noisy","01GWD9P0VDBJY7Z7D38X5GJQZ5"
"01GWNBG7FHKPYZ90P2566HFG4T","No towels in the room","01GWD9P0VDM7VMMCJV0PRBF5MB"
"01GWNBG7FHQMPXX6QMX70TSVP2","Toilet is not flushing properly","01GWD9P0VDM7VMMCJV0PRBF5MB"
"01GWNBG7FHSDZPCT3P1YA9ES8V","Curtains don't close properly","01GWD9P0VDVYMYXC7W79DT4VEM"
"01GWNBG7FHSNS1PTQRHYH23PQH","Heater is not working","01GWD9P0VDVYMYXC7W79DT4VEM"
"01GWNBG7FHWAGP4AGWX6HD0FPX","Mini fridge is too loud","01GWD9P0VD15ZGNCSAADWJN7QM"
"01GWNBG7FHYBX293FC24KVRHMF","Fire alarm is beeping","01GWD9P0VD15ZGNCSAADWJN7QM"
"01GWNBG7FJ1SQGYZ82JP99X8F1","Heater is not working","01GWD9P0VD3VMTSKV7RSEYZDVD"
"01GWNBG7FJ6KRZ7P6WNDDKY9DB","Bed is too soft","01GWD9P0VD3VMTSKV7RSEYZDVD"
"01GWNBG7FJCX2YZHC7CQ46R22B","Windows don't close properly","01GWD9P0VEMD0CDJFGHYHX6FKK"
"01GWNBG7FJDPT0GKZXCBCN37V0","Toilet is not flushing properly","01GWD9P0VEMD0CDJFGHYHX6FKK"
"01GWNBG7FJF6A58CXR4FDDYT9C","Carpet has stains","01GWD9P0VE0SFHF31WYNPF1ZTY"
"01GWNBG7FJHF73K4ZW5YFM3JK7","Windows don't close properly","01GWD9P0VE0SFHF31WYNPF1ZTY"
"01GWNBG7FJJA4S7QZK0EX1437Z","Smoke detector is beeping","01GWD9P0VEGD8AEJMTSBA7V43A"
"01GWNBG7FJKFJGSZ0PDSJWS0MC","Water pressure in shower is too low","01GWD9P0VEGD8AEJMTSBA7V43A"
"01GWNBG7FJMRFXBW91Y7GQRZJC","Windows don't close properly","01GWD9P0VEAWC54J8Z1DS9QMZG"
"01GWNBG7FJNE7RKBQ5PGK17AXF","Mini fridge is not cold enough","01GWD9P0VEAWC54J8Z1DS9QMZG"
"01GWNBG7FJTQQRH1EH95MWED1S","Smoke detector is beeping","01GWD9P0VE6QA4QTZZN2YHWAXP"
"01GWNBG7FJTWMPF33CTMHT7NNN","Mini fridge is not cold enough","01GWD9P0VE6QA4QTZZN2YHWAXP"
"01GWNBG7FJW6FER7F1T7G49GWJ","Toilet is not flushing properly","01GWD9P0VEARJ9WW3A9HZVFKK7"
"01GWNBG7FJY8DDNR7268GN6TC9","Carpet has stains","01GWD9P0VEARJ9WW3A9HZVFKK7"
"01GWNBG7FJZWS6MJ3AKSDK4GRE","Sheets have stains on them","01GWD9P0VE3B8359ACQ3E8ETJK"
"01GWNBG7FK1FGR0SYF9SSWQTSH","TV remote is not working","01GWD9P0VE3B8359ACQ3E8ETJK"
"01GWNBG7FK1WGE8ZW4AC9D8SP1","Toilet is not flushing properly","01GWD9P0VERKV43NTFFRJ23WJ6"
"01GWNBG7FK5E6E15QTA6AXQN8S","No towels in the room","01GWD9P0VERKV43NTFFRJ23WJ6"
"01GWNBG7FK5YX9FDJZ5FVBD463","Light fixtures are not working","01GWD9P0VE9JNVBW4X7WWMCD08"
"01GWNBG7FK8J6KZSNQRWCBYB3X","Bed is too hard","01GWD9P0VE9JNVBW4X7WWMCD08"
"01GWNBG7FKH0DV862FM5CQZD6P","Mini fridge is too loud","01GWD9P0VEFWAYQ5C3TE7KPRJ1"
"01GWNBG7FKMPA3TWRCVYG3SW55","No hot water in the shower","01GWD9P0VEFWAYQ5C3TE7KPRJ1"
"01GWNBG7FKQCNTYQ76CPEFB8AN","Bed is too soft","01GWD9P0VE2AC5RB7KYFNTJGX4"
"01GWNBG7FKR6E6H3K7G43Y0SHM","Heater is not working","01GWD9P0VE2AC5RB7KYFNTJGX4"
"01GWNBG7FKV3706JEHQXTF3H8Z","Carpet has stains","01GWD9P0VEP7PYNT3QMYXSCGDA"
"01GWNBG7FKWBAPBP0YFCV23FK6","No hot water in the shower","01GWD9P0VEP7PYNT3QMYXSCGDA"
"01GWNBG7FKWGFQJ1PTEWJ6XM91","Light fixtures are not working","01GWD9P0VECPVJSG61W0ZHY2ES"
"01GWNBG7FKX3YX6BR0ZQKZWP38","Pillows are too flat","01GWD9P0VECPVJSG61W0ZHY2ES"
"01GWNBG7FKXWBEPQ5PCE2P4NA7","Room service is not available","01GWD9P0VEYNXMW3Z0FK6VZWP0"
"01GWNBG7FKY4KPZXSCEMDXVQT7","Hair dryer is not working","01GWD9P0VEYNXMW3Z0FK6VZWP0"
"01GWNBG7FM208F3XPZ3EFX1395","Coffee maker is not working","01GWD9P0VE76EGNQ6980PM35SK"
"01GWNBG7FM5QW718NC09VXMM27","Smoke detector is beeping","01GWD9P0VE76EGNQ6980PM35SK"
"01GWNBG7FM60904XV9SH3FQR1W","Room phone is not working","01GWD9P0VEZH0EXR79PG357RRZ"
"01GWNBG7FM6JDF0WT6VY26Y49X","Windows don't close properly","01GWD9P0VEZH0EXR79PG357RRZ"
"01GWNBG7FMA9HA1R5JEMBNVVWJ","Fire alarm is beeping","01GWD9P0VECQJRV02CPQ3S2836"
"01GWNBG7FMBB96S2FJSD94RCMC","Bed is too soft","01GWD9P0VECQJRV02CPQ3S2836"
"01GWNBG7FMD49C9BVQSNTW4BNR","Carpet has stains","01GWD9P0VEEDPR22G6E3MT6D50"
"01GWNBG7FMFCP86G52V2ZSZ9HP","TV remote is not working","01GWD9P0VEEDPR22G6E3MT6D50"
"01GWNBG7FMGQDDNET2CGNPBPFF","Bed is too soft","01GWD9P0VECGRCWSHBPEP32MBT"
"01GWNBG7FMK9EZR8EAFGKQFF73","Room key is not working","01GWD9P0VECGRCWSHBPEP32MBT"
"01GWNBG7FMRJXRNP4T30EAR31R","Housekeeping did not clean the room","01GWD9P0VEMYVKFTRF4VGEVT2J"
"01GWNBG7FMT4A6WN6DPBVPZ2Y4","Heater is not working","01GWD9P0VEMYVKFTRF4VGEVT2J"
"01GWNBG7FMT7S73NEYR6JQSEKR","Safe is not working","01GWD9P0VEVVA5GQJJM62CNQWD"
"01GWNBG7FMV366JDY28N4HGCY8","Wi-Fi is not connecting","01GWD9P0VEVVA5GQJJM62CNQWD"
"01GWNBG7FMY8WWHHARKXH69NJ9","No hot water in the shower","01GWD9P0VE0NAXGT4SP6WRMWBY"
"01GWNBG7FN04R0Q0VWTPHYBDFA","Housekeeping did not restock amenities","01GWD9P0VE0NAXGT4SP6WRMWBY"
"01GWNBG7FN0YPJW56VEZPA5REC","Wi-Fi is not connecting","01GWD9P0VEAHA8KM32CBTK7SEC"
"01GWNBG7FN4KJZKGVBGGJ49N9V","Hair dryer is not working","01GWD9P0VEAHA8KM32CBTK7SEC"
"01GWNBG7FN57EN76PA3ESNE4M0","Bed is too hard","01GWD9P0VE87JDV6CH6VEDDM4V"
"01GWNBG7FN5CKVWM11PQHGCX1J","Housekeeping did not clean the room","01GWD9P0VE87JDV6CH6VEDDM4V"
"01GWNBG7FNB89EDC1C55FH0H9D","Towels are not clean","01GWD9P0VEEKTAPKKWM77VFGR6"
"01GWNBG7FNCYCQFHGK9QZ3YREC","Housekeeping did not restock amenities","01GWD9P0VEEKTAPKKWM77VFGR6"
"01GWNBG7FNJVRTE54QYENE5G3C","Safe is not working","01GWD9P0VEP1DX24CAD754XVME"
"01GWNBG7FNKBH8Z39RASWZCYBS","TV has no signal","01GWD9P0VEP1DX24CAD754XVME"
"01GWNBG7FNMFW33E5H8AK7WJYH","Coffee maker is not working","01GWD9P0VFARR00Q2TXKQEWZKV"
"01GWNBG7FNMZM73J84SF8ES2JH","TV has no signal","01GWD9P0VFARR00Q2TXKQEWZKV"
"01GWNBG7FNNWHZGAC519GZ55QA","No coffee or tea in the room","01GWD9P0VFA09XTMAZNX6FE6N6"
"01GWNBG7FNS69HPXMBXB266DTS","Microwave is not working","01GWD9P0VFA09XTMAZNX6FE6N6"
"01GWNBG7FNWT08HH1RVVX7B9YR","Air conditioning is not working","01GWD9P0VFRF4FQKGYPZHFYSV4"
"01GWNBG7FNYCVW3761MJFVGHQJ","No towels in the room","01GWD9P0VFRF4FQKGYPZHFYSV4"
"01GWNBG7FNYZJANDJ4E5JSRP54","Bed is too hard","01GWD9P0VFPNSQ19WYQ8TJSMFM"
"01GWNBG7FP0WW6QJF90C9TSNSS","Fire alarm is beeping","01GWD9P0VFPNSQ19WYQ8TJSMFM"
"01GWNBG7FP195R75A4ZCVVVX9X","Windows don't close properly","01GWD9P0VFJEG18TEG9Y4TPVSX"
"01GWNBG7FP1JVX3YT5PHT6EE64","Bed is too hard","01GWD9P0VFJEG18TEG9Y4TPVSX"
"01GWNBG7FP32F0YXQ7YZ6E519A","Water pressure in shower is too low","01GWD9P0VF4TJ9DGKN65JHTMS7"
"01GWNBG7FP4DZ38HM2KGHDAH33","Mini fridge is too loud","01GWD9P0VF4TJ9DGKN65JHTMS7"
"01GWNBG7FPGHHWQ9NWJ1KX9864","Toilet is not flushing properly","01GWD9P0VFDAJZQC5FV74MBBVW"
"01GWNBG7FPJZ7YWDEVVZH6VGHR","Room key is not working","01GWD9P0VFDAJZQC5FV74MBBVW"
"01GWNBG7FPN4551R969C7JC8F9","Pillows are too flat","01GWD9P0VF2EGMAQG2T4TQRHTJ"
"01GWNBG7FPNHX11VQY5GFER2EN","Towels are not clean","01GWD9P0VF2EGMAQG2T4TQRHTJ"
"01GWNBG7FPNQSHN5H3VCRBBEQF","Room is too noisy","01GWD9P0VFBMVCVN3VMSTHXGQM"
"01GWNBG7FPRX7ZYK2HXR45Y2S6","No coffee or tea in the room","01GWD9P0VFBMVCVN3VMSTHXGQM"
"01GWNBG7FPSWMX634RTKXKJ8C8","Fire alarm is beeping","01GWD9P0VF6EH9HFA6YVR54PV3"
"01GWNBG7FPX6X7Y399A2NC22S6","Wi-Fi is not connecting","01GWD9P0VF6EH9HFA6YVR54PV3"
"01GWNBG7FPYFRX4D7GR316DYXS","Water pressure in shower is too low","01GWD9P0VFPFSYC6EBM2GQVYD1"
"01GWNBG7FPZN2K0JWZ60K9Q79K","Iron is not working","01GWD9P0VFPFSYC6EBM2GQVYD1"
"01GWNBG7FPZSZ8F4PRAEWRGWVW","Room phone is not working","01GWD9P0VFW8RW2YST1NAYJFF0"
"01GWNBG7FQ1DNGPHM5NN6D1154","Room smells bad","01GWD9P0VFW8RW2YST1NAYJFF0"
"01GWNBG7FQ2CBZK94FJGN78KPS","Pillows are too flat","01GWD9P0VFCJQ9SS13GX84MY5R"
"01GWNBG7FQ2E2NJV59QACKJQJW","Towels are not clean","01GWD9P0VFCJQ9SS13GX84MY5R"
"01GWNBG7FQ2K96Y0FAF4M4ZKT9","Water pressure in shower is too low","01GWD9P0VFYBB1NRVNA22SGBGA"
"01GWNBG7FQ556XECDY4ZPBZCRY","Microwave is not working","01GWD9P0VFYBB1NRVNA22SGBGA"
"01GWNBG7FQ6EDTVB44QBQ8F7AR","Safe is not working","01GWDAK48GC7GEARA0E1EGMAXJ"
"01GWNBG7FQ81HHAX100NSBG798","Hair dryer is not working","01GWDAK48GC7GEARA0E1EGMAXJ"
"01GWNBG7FQ9E34Z65W5ES5XK82","Room smells bad","01GWDAK48GHG6TVKE117FEG7FT"
"01GWNBG7FQCPC6NGMJKC5P68NS","Housekeeping did not clean the room","01GWDAK48GHG6TVKE117FEG7FT"
"01GWNBG7FQCT3592FF3WBHHXR4","Room is too dark","01GWDAK48GRSEBRDD3CQD0915J"
"01GWNBG7FQF4S4DGBHSMT1S4SN","Pillows are too flat","01GWDAK48GRSEBRDD3CQD0915J"
"01GWNBG7FQFA16HD52QC3A7YC0","Room key is not working","01GWDAK48GBK6NTJJCESG52E72"
"01GWNBG7FQH26EXRH19PG86J3B","Fire alarm is beeping","01GWDAK48GBK6NTJJCESG52E72"
"01GWNBG7FQJ3TTZZNMWFB42MFW","Toilet is not flushing properly","01GWDAK48GWHKQBC08EXK4GWHR"
"01GWNBG7FQP3RBNPDR2F05X3GE","Coffee maker is not working","01GWDAK48GWHKQBC08EXK4GWHR"
"01GWNBG7FQXFVRGH0P2NWVY3F0","Fire alarm is beeping","01GWDAK48GNY7K67PNYKG0B2SV"
"01GWNBG7FR3PGW251CDWNHGFWQ","The door is difficult to open or close","01GWDAK48GNY7K67PNYKG0B2SV"
"01GWNBG7FR3PWF21EWDX9VCKYT","Curtains don't close properly","01GWDAK48G4QXE0FJSCRDDA2MQ"
"01GWNBG7FR4H0908Z0MWX4JJV5","Room is too noisy","01GWDAK48G4QXE0FJSCRDDA2MQ"
"01GWNBG7FR7J5XXMJZRKKVYKJE","Room key is not working","01GWDAK48GJY8Z8NG3M9SZ9229"
"01GWNBG7FR89B9J3BGPR7J1BBC","Safe is not working","01GWDAK48GJY8Z8NG3M9SZ9229"
"01GWNBG7FR8M284K7EDM0ZXBKP","Bed is too soft","01GWDAK48G7X06RRPRZWPF2328"
"01GWNBG7FRD3AXCBQYFFE110Z3","Mini fridge is not cold enough","01GWDAK48G7X06RRPRZWPF2328"
"01GWNBG7FRDNE6T727VGM55WAJ","Not enough electrical outlets","01GWDAK48GQ49T240RX523N7RK"
"01GWNBG7FRNB80VA4WMQX99Y3H","No coffee or tea in the room","01GWDAK48GQ49T240RX523N7RK"
"01GWNBG7FRT55XA1DJ5FNBSZF8","No hot water in the shower","01GWDAK48G1134KV2JQ2HHAKQA"
"01GWNBG7FRTVQQKSNWZ309M3RG","Not enough electrical outlets","01GWDAK48G1134KV2JQ2HHAKQA"
"01GWNBG7FRX60KTWYPDNQKKJD6","Safe is not working","01GWDAK48GR2DCHNX31YHS75RP"
"01GWNBG7FRY4PYT2ME1C4YGC7T","Room key is not working","01GWDAK48GR2DCHNX31YHS75RP"
"01GWNBG7FRYQZ2E96K3NMHMC4P","Housekeeping did not clean the room","01GWDAK48GXX6HN080MK7FBV2P"
"01GWNBG7FRZE29YF4JRA7E9N17","Carpet has stains","01GWDAK48GXX6HN080MK7FBV2P"
"01GWNBG7FS2TCD6CQ1DW2PYWM9","Faucet is leaking","01GWDAK48GEFMX9X2AQ0W91DSM"
"01GWNBG7FS6ASXQ55N5XP7DA3A","The door is difficult to open or close","01GWDAK48GEFMX9X2AQ0W91DSM"
"01GWNBG7FS75Z46QG0RE72MFSZ","Safe is not working","01GWDAK48GYWAEBJVNNJF1SBFP"
"01GWNBG7FSAMRE9008FHP7JF6P","No coffee or tea in the room","01GWDAK48GYWAEBJVNNJF1SBFP"
"01GWNBG7FSAN60VBF428PMDXQD","Housekeeping did not clean the room","01GWDAK48G5X3SSQ597JV7TCQ7"
"01GWNBG7FSC2SXY5RQ1K4055HX","Room is too noisy","01GWDAK48G5X3SSQ597JV7TCQ7"
"01GWNBG7FSCPQG2X5B731BKDY6","Iron is not working","01GWDAK48HV4A2NBRH7AS45W20"
"01GWNBG7FSCTRSBCVN9T570HE8","Windows don't close properly","01GWDAK48HV4A2NBRH7AS45W20"
"01GWNBG7FSEXWHAGD4D3YQG8HD","Faucet is leaking","01GWDAK48HQ36BEWBDCQFE0Q40"
"01GWNBG7FSK4FK8ECKQVAM6EN0","No towels in the room","01GWDAK48HQ36BEWBDCQFE0Q40"
"01GWNBG7FSM06B4N5WCH2475KQ","Faucet is leaking","01GWDAK48HJR4C0BVH8WZPKRBT"
"01GWNBG7FSMQS1BJT6H44T1F2R","Fire alarm is beeping","01GWDAK48HJR4C0BVH8WZPKRBT"
"01GWNBG7FSN4S8Q35CWHY967A1","Faucet is leaking","01GWDAK48HTBEKX6GDSEY2SQKR"
"01GWNBG7FSQHBRFNAVPBKJ497Z","The door is difficult to open or close","01GWDAK48HTBEKX6GDSEY2SQKR"
"01GWNBG7FSVRT2CFBR93NX9REP","Coffee maker is not working","01GWDAK48H75696MRDAHEWCFB8"
"01GWNBG7FSZ2CRHM49C3J9C6FQ","Bed is too soft","01GWDAK48H75696MRDAHEWCFB8"
"01GWNBG7FT012SDBXJS6KDVFGK","Smoke detector is beeping","01GWDAK48H8B7Y8WJDJ7ZFW0ZD"
"01GWNBG7FT4ARTXH6BW0ZKWW8Y","Curtains don't close properly","01GWDAK48H8B7Y8WJDJ7ZFW0ZD"
"01GWNBG7FT8JMC1A3Y3JYYCHKN","Curtains don't close properly","01GWDAK48H0HT93E1N45Q9WZYB"
"01GWNBG7FTAXFAGPVR7RVHM8A8","Wi-Fi is not connecting","01GWDAK48H0HT93E1N45Q9WZYB"
"01GWNBG7FTBADTM53SVABRX5QN","Room is too dark","01GWDAK48HXHKBJPGMQJQA25XN"
"01GWNBG7FTBXEPT6ZY8F1SNNX2","Not enough electrical outlets","01GWDAK48HXHKBJPGMQJQA25XN"
"01GWNBG7FTG0GRXAVBQYR3F5PH","Room is too noisy","01GWDAK48H10AKDYQ20K4ZJ9WP"
"01GWNBG7FTHT0Y54FBFZJYDPH9","Room smells bad","01GWDAK48H10AKDYQ20K4ZJ9WP"
"01GWNBG7FTHTV3J418E2Q1XJB4","Not enough electrical outlets","01GWDAK48HEVCQ8DNHKNHFHQP6"
"01GWNBG7FTJ2SQAJPK4X0599X1","Room phone is not working","01GWDAK48HEVCQ8DNHKNHFHQP6"
"01GWNBG7FTNGAFW62S0NH4VVJ7","Bed is too hard","01GWDAK48HB98ERHPDMDM632A3"
"01GWNBG7FTRXQCHVBBDN99BJRG","Room phone is not working","01GWDAK48HB98ERHPDMDM632A3"
"01GWNBG7FTTV400YQKP8B1WRCW","Fire alarm is beeping","01GWDAK48HGD72J9SFJE0W06KG"
"01GWNBG7FTVBND8MWEDFWHPBF6","Housekeeping did not restock amenities","01GWDAK48HGD72J9SFJE0W06KG"
"01GWNBG7FTZC6PSRMRZ5QN1X4V","TV remote is not working","01GWDAK48HX64ACK5GD7PY9P17"
"01GWNBG7FTZF6Z8CSST52MX5X5","TV remote is not working","01GWDAK48HX64ACK5GD7PY9P17"
"01GWNBG7FV1H05DK6WYF9FGVKQ","Room service is not available","01GWDAK48HBEWDWTXQ7C07TBRD"
"01GWNBG7FV1QXHBY9MQ278AWN1","Water pressure in shower is too low","01GWDAK48HBEWDWTXQ7C07TBRD"
"01GWNBG7FV8YSHKA7ZRF80N2NK","No hot water in the shower","01GWDAK48HZ4NECG6PQPZJM48Q"
"01GWNBG7FVCSM410BV47WZ3V50","Iron is not working","01GWDAK48HZ4NECG6PQPZJM48Q"
"01GWNBG7FVCTYACWFWSYY7NV78","TV remote is not working","01GWDAK48HX6T57CSR0QSR2XTS"
"01GWNBG7FVFJRNQQM8F5P50CT4","Housekeeping did not restock amenities","01GWDAK48HX6T57CSR0QSR2XTS"
"01GWNBG7FVHCNW5FBDCJKNAKWY","Mini fridge is not cold enough","01GWDAK48HQPM5TENQFCXVD152"
"01GWNBG7FVHHQ8KQJKEJK8Q20J","Bed is too hard","01GWDAK48HQPM5TENQFCXVD152"
"01GWNBG7FVJHR99198VDADKA2R","Mini fridge is too loud","01GWDAK48HQ67NGWRHNAC2BYYD"
"01GWNBG7FVKF8F7NXG9ZE53DNF","Bed is too hard","01GWDAK48HQ67NGWRHNAC2BYYD"
"01GWNBG7FVMCCSQN6WZVD9D299","Bed is too soft","01GWDAK48HXAJ0VP6FXQQ93HT1"
"01GWNBG7FVN9TYY327FCTXB9C8","Light fixtures are not working","01GWDAK48HXAJ0VP6FXQQ93HT1"
"01GWNBG7FVNZ5147CKXYB5PA7X","Iron is not working","01GWDAK48H09NW8GQE0S11NYDM"
"01GWNBG7FVR2PYPVJHAS1KAPWY","No coffee or tea in the room","01GWDAK48H09NW8GQE0S11NYDM"
"01GWNBG7FVT2CQSJCV1Z6FM1JC","Smoke detector is beeping","01GWDAK48H7MXHJNN2V164K7Y4"
"01GWNBG7FVVHWTQQ3RSFVJKW34","Sheets have stains on them","01GWDAK48H7MXHJNN2V164K7Y4"
"01GWNBG7FVXQQDYEES21FTFQJ8","Air conditioning is not working","01GWDAK48HRBYF3QP2JY1W36AT"
"01GWNBG7FVZ38QYTRRA595DNS4","Microwave is not working","01GWDAK48HRBYF3QP2JY1W36AT"
"01GWNBG7FW1H95JY3X1P58QF2A","Microwave is not working","01GWDANW3ZJP8224TFE6SH59KF"
"01GWNBG7FW1TNSBT4DWWCCP3XB","Housekeeping did not clean the room","01GWDANW3ZJP8224TFE6SH59KF"
"01GWNBG7FW2FE2KJ9WSXH71MT6","Wi-Fi is not connecting","01GWDANW40YAJVA61V07QHX37H"
"01GWNBG7FW7PXGVXYJY01JXHYN","Faucet is leaking","01GWDANW40YAJVA61V07QHX37H"
"01GWNBG7FW8KBD94TPCGWQKAP6","TV has no signal","01GWDANW40XQND8XNQ13MZ4AQ7"
"01GWNBG7FW9A5CHMN5DQHS9RAQ","Wi-Fi is not connecting","01GWDANW40XQND8XNQ13MZ4AQ7"
"01GWNBG7FWAC56VX5JMRXF7M36","Pillows are too firm","01GWDANW408XPZKB5AGBHVBHT0"
"01GWNBG7FWNRE0P58F37E5DRZN","Toilet is not flushing properly","01GWDANW408XPZKB5AGBHVBHT0"
"01GWNBG7FWPPTVQY6TM59QP40N","No coffee or tea in the room","01GWDANW4090RHK55B7HM2RN6G"
"01GWNBG7FWQ9R2GPM5EZAA7V23","Towels are not clean","01GWDANW4090RHK55B7HM2RN6G"
"01GWNBG7FWW12A11XZZ1EKBD13","Not enough electrical outlets","01GWDANW40F56S6PARG241A6HP"
"01GWNBG7FWW2M2J3KCYRH1VZNN","Pillows are too firm","01GWDANW40F56S6PARG241A6HP"
"01GWNBG7FWWCYSQY8S4SNCPSY7","Room smells bad","01GWDANW40BT6PWESB593BEMEE"
"01GWNBG7FWWV7QXA36J101FRWZ","Room is too dark","01GWDANW40BT6PWESB593BEMEE"
"01GWNBG7FWX0Q0VJKG4ES8ADAZ","TV remote is not working","01GWDANW40BBVTGH54WRRPTHQY"
"01GWNBG7FWY42657NJT95JGDBX","Room is too dark","01GWDANW40BBVTGH54WRRPTHQY"
"01GWNBG7FWYEW1Z7HCR4KQMXVG","Bed is too soft","01GWDANW4032W5PCE61GSW2086"
"01GWNBG7FX2Q8GWNHS4MV5P6A8","Water pressure in shower is too low","01GWDANW4032W5PCE61GSW2086"
"01GWNBG7FX38SRNDF83CCMVN9T","Safe is not working","01GWDANW40WWDC6EWZ1NHPM0HM"
"01GWNBG7FX415ZEMRX8KY5HR5B","Wi-Fi is not connecting","01GWDANW40WWDC6EWZ1NHPM0HM"
"01GWNBG7FX650SM9BZ91N19V33","Towels are not clean","01GWDANW409HS8CP1TRF32W7W4"
"01GWNBG7FX7B113KX9YTN9TASW","Coffee maker is not working","01GWDANW409HS8CP1TRF32W7W4"
"01GWNBG7FX8RF7HR24SPEDWHD6","Sheets have stains on them","01GWDANW40CXKH3DWMEYGEDZ6X"
"01GWNBG7FXA05M641Q4PP17N81","TV has no signal","01GWDANW40CXKH3DWMEYGEDZ6X"
"01GWNBG7FXCN7XKAHMBZAAEE8J","No towels in the room","01GWDANW40VDYQVZ4ND9JZJY8V"
"01GWNBG7FXE9BWB4A041P590WQ","Room service is not available","01GWDANW40VDYQVZ4ND9JZJY8V"
"01GWNBG7FXFMRV77S2T3654SXQ","Room is too dark","01GWDANW407FN5ZHZ56RT4PSM1"
"01GWNBG7FXNG4Y4JB1XT210P2Z","Room service is not available","01GWDANW407FN5ZHZ56RT4PSM1"
"01GWNBG7FXTCASF2BD4CZCDTEF","Room service is not available","01GWDANW40TGWDFWB2R8FP0TC6"
"01GWNBG7FXVAQC92SH9A2GET8H","No towels in the room","01GWDANW40TGWDFWB2R8FP0TC6"
"01GWNBG7FXVDY23SXP7HHS5R37","No coffee or tea in the room","01GWDANW403RF5RJ0XZAASP2B5"
"01GWNBG7FXW90B77FWJ9CM0V4G","TV has no signal","01GWDANW403RF5RJ0XZAASP2B5"
"01GWNBG7FXWGQGWQ32DCGYY1AF","Bed is too hard","01GWDANW40NGHYPHP65YF1CMRA"
"01GWNBG7FXYBB68MNNAP15WE4A","Coffee maker is not working","01GWDANW40NGHYPHP65YF1CMRA"
"01GWNBG7FY0TMS6332MNW0TQV9","Hair dryer is not working","01GWDANW40P0C2PGJ7D4NB3CWS"
"01GWNBG7FY2H728YZFPFRTB8BC","Not enough electrical outlets","01GWDANW40P0C2PGJ7D4NB3CWS"
"01GWNBG7FYG98859FTSWBJKMJR","Air conditioning is not working","01GWDANW40VV29GCHVG0JV931S"
"01GWNBG7FYHB6KNFAHQ4X7FH4T","No towels in the room","01GWDANW40VV29GCHVG0JV931S"
"01GWNBG7FYK46YAP51TJ45RT6Y","Toilet is not flushing properly","01GWDANW40S304X9960MDF6RFH"
"01GWNBG7FYQ5NHSM4GJZ3CSN8Z","Windows don't close properly","01GWDANW40S304X9960MDF6RFH"
"01GWNBG7FYTZPVPWVGXYD2803E","No coffee or tea in the room","01GWDANW40DMEX91XS0GMYMV5K"
"01GWNBG7FYX6RSNHW72C1VHQ2R","Mini fridge is too loud","01GWDANW40DMEX91XS0GMYMV5K"