positionId,positionTitle,employeeId
"01GW8WTZ7WGDJQ1B535ATDK5E7","Manager","01GW8WHMDSFS201Q9K4KGDWRSC"
"01GW8WTZ7XE35SVYRT5Z74T15R","Manager","01GW8WHMDW77Q4Z9XMMXV2MRNA"
"01GW8WTZ7XBGWZQDMK9X5XJH9Z","Manager","01GWFN947GGQK7XCA2NHC2J9QD"
"01GW8WTZ7X0RMZC8RJVWZDERKC","Manager","01GWFN948J5F0HWKYMSYKG3JV4"
"01GW8WTZ7XXT135F48KB0WZM6C","Manager","01GWFN948GV7GJTE5J3FZ23G4K"
"01GW8WTZ7XET2MH88MM6CKYSR4","Manager","01GWFN948FBNS7QCJK0NTWBXQ9"
"01GW8WTZ7XMQVE1A6Q92DCPNP4","Manager","01GWFN948EJHJH53E6VQ9A577S"
"01GW8WTZ7YTWN13HDB21KNTV0G","Manager","01GWFN948DCMSHEN3WJ6VZ0E6G"
"01GW8WTZ7Y1PZXTQCJQG2KVX1V","Manager","01GWFN948CDF7NF61DPM95F8JV"
"01GW8WTZ7Y2FDH3ZSY6F9KN64P","Manager","01GWFN948B7DXBZTHGM43RQBZE"
"01GW8WTZ7YYDH42TX2VKTNVKJB","Manager","01GWFN948A309ZNB44F3XHYZ09"
"01GW8WTZ7YEB0AE5S22RZ3FDK7","Manager","01GWFN9488XWQ5KR10E9SV40X9"
"01GW8WTZ7YG6YZS60201FTQMN8","Manager","01GWFN9487RS4V9ME5JW54NHZK"
"01GW8WTZ7Y7GQC7FCTJMD6JEZ8","Manager","01GWFN9486JV4TH70NBCDZKQ1D"
"01GW8WTZ7Y0G7PPAYX7M7A35CE","Manager","01GWFN94854B0HF0HEWZSX3GHE"
"01GW8WTZ7Z759MDQRQZ884EE71","Manager","01GWFN94843G7R2NRZ2BP57P77"
"01GW8WTZ7Z2K9CDWTCP6EF29AZ","Manager","01GWFN9482W4415DM3GNVSKSXV"
"01GW8WTZ7ZDEA8C30X80YJJ9KF","Manager","01GWFN9481ND2GCBBEPBJQD6ZH"
"01GW8WTZ7ZFTF8B3XWV23WJYCD","Manager","01GWFN94803Y3RXS639S7SKV82"
"01GW8WTZ7ZJQ7W24QFV9GN24KS","Manager","01GWFN947YQY3PEEBCAJHS4V6N"
"01GW8WTZ7ZN95EHQK37XVP61YD","Manager","01GWFN947XD3G6ZDZ2WAJJ4JY1"
"01GW8WTZ7ZBMSBC4PYXBJ6XKJZ","Manager","01GWFN947W9A7NN2N9BEEA3J5B"
"01GW8WTZ80XPKR2EXRWVGN6ZGF","Manager","01GWFN947TCN3G5AYAVTR35VB3"
"01GW8WTZ80Y13DGWPA67C9Y0QY","Manager","01GWFN947RPPJK3GYAEZM9PAPP"
"01GW8WTZ804PAP1W424M8W3N30","Manager","01GWFN947QAE01YMBK465RWHN2"
"01GW8WTZ80EDMWSY4XXXYPM43Z","Manager","01GWFN947NQTC9F25T9F8WRR3P"
"01GW8WTZ8083RQ8NKJ87Q0E6X6","Manager","01GWFN947MEQX2P6GRJQ0FN6Y5"
"01GW8WTZ80TW7F7P99X95BD321","Manager","01GWFPMJGB6FJVAFMZ4FXWJRWN"
"01GW8WTZ80AN9Z62ND0Y48441D","Manager","01GWFQ2GJ19E6PTT0TV0MQ5REA"
"01GW8WTZ80J6XXKWN45YVTVE7X","Manager","01GWFQ2GJ23B0JZN7SCNQEFD3K"
"01GW8WTZ8062PJA8ST3WVZXH6Y","Manager","01GWFQ2GJ2TQX8HQ8AQPANR4SF"
"01GW8WTZ81GQ49214E7A7PDXMH","Manager","01GWFQ2GJ3NGYGRH11JQ8KXWNW"
"01GW8WTZ819PK8M0A66J1F9W3C","Manager","01GWFQ2GJ4H8KZXP4M15JCM56F"
"01GW8WTZ81GX2GZD4J6FT0QRD9","Manager","01GWFQ2GJ533W5R86V63SCH3GZ"
"01GWGMNEZMTP4SZQNTDJAKMRE3","Manager","01GWFQ2GJ60P8Z6HA7JY0SS0ZY"
"01GWGMNEZN2HDC0VQHC2Y9TMAX","Manager","01GWFQ2GJ6RCCE1E9QH4HCNVK8"
"01GWGMNEZN4R671S2SV9KFQNME","Manager","01GWFQ2GJ7PZX3B35JKXZGJY7M"
"01GWGMNEZN7AY1VX724N0FAAJQ","Manager","01GWFQ2GJ8DYX120Y9BV1QT5DA"
"01GWGMNEZNEJW4HHNSE1A5EAF4","Manager","01GWFQ2GJ987CB56Y8EDWTAAA1"
"01GWGMNEZNGNR2TRN2CMZSD2Q3","Manager","01GWFQ2GJC1ST1GASWT2BQS2ZP"
"01GWGMNEZNPA28S26RSZ0RVYS3","Security","01GW8WHMDTYZZ4KSTVJADA3CC0"
"01GWGMNEZNPFS403C2HD5G07Q8","Receptionist","01GW8WHMDW4579731MK3P6A7MQ"
"01GWGMNEZNSPGSCHE7QGNDPGPM","Chef","01GWFN948KYW9RF29CTAC08J5H"
"01GWGMNEZNT0Z61TREY2SR1FFF","Parking Attendant","01GWFN948J4PS2B8S3BEN295DC"
"01GWGMNEZNWM1TDBR1V2CX575J","Concierge","01GWFN948GRTE62RFGDWZAKCQK"
"01GWGMNEZP218NRX31G5KWD70Y","Porter","01GWFN948FBN593M591C8GFDCJ"
"01GWGMNEZPAVKED6ZK9W5Y4AQS","Security","01GWFN948EGZA087TBRFR1A3G6"
"01GWGMNEZPBV7GRDB4JQT59XQ6","Receptionist","01GWFN948DC5BP67EY38JH125E"
"01GWGMNEZPD03THC9179BNT1CB","Chef","01GWFN948CBAVGMHY751AXCQ58"
"01GWGMNEZPD8CA62A5W24CJ5FM","Parking Attendant","01GWFN948B5WFQSMD68AJRXD99"
"01GWGMNEZPDKARYNKHP1S73CEW","Concierge","01GWFN948A1GW7949HHW9365EB"
"01GWGMNEZPG0VXA7MWV4QZQZGZ","Porter","01GWFN9488XH2K5JEW12Y9PP2Q"
"01GWGMNEZPG4AJD1DWS17MD5SJ","Security","01GWFN9487PVWHQEE0HTH7R28F"
"01GWGMNEZPRF9FDMBQ994H6GAF","Receptionist","01GWFN9486GK6KN95TPXYX4DSW"
"01GWGMNEZPS2DJH3HTQR5JCWY2","Chef","01GWFN94853WZ4SNR0WMFQF2S5"
"01GWGMNEZPV01VCF6P3C7CCAB3","Parking Attendant","01GWFN94841BD38CRPB679CYRF"
"01GWGMNEZPX364CR996AFJWX4G","Concierge","01GWFN9482T15T85GESSPE9NQ4"
"01GWGMNEZPX42RM5V1KTM5NNHK","Security","01GWFN9481MVK5CP9JJG1SJKAP"
"01GWGMNEZPZYBTFGGMD25XPMX0","Receptionist","01GWFN94801GXR036J88PBBJCM"
"01GWGMNEZQ4CWNJJJ3HG4QGNHJ","Chef","01GWFN947YQ3DHXCVX2F0N6FJH"
"01GWGMNEZQMH5JTKEFHFF0J4Y4","Parking Attendant","01GWFN947XCFH8S777NDE043N3"
"01GWGMNEZQN9KN0AVTFHBGEWYV","Concierge","01GWFN947W24NNNN7EMZ7SPW0J"
"01GWGMNEZRPEX4V3SFJ244RXYJ","Porter","01GWFN947TBW85RD2JDJBR98KC"
"01GWGMNEZS4HSGY255X293PXD0","Security","01GWFN947RMFHPZADM8R03A1NB"
"01GWGMNEZS8Z6ZNC5R2T88B2Y0","Receptionist","01GWFN947Q7110F283K84WG49G"
"01GWGMNEZSJ19ZXV5K3CSN9XA7","Chef","01GWFN947NQ3SPXRNE783CP65Z"
"01GWGMNEZSS15J52BYWX2YWJEW","Parking Attendant","01GWFN947ME5Z77SZDA5MC0YPC"
"01GWGMNEZSZEJWAX2KAZXYDDF5","Concierge","01GWFQ2GJ039Z9GCX76T9AVE5B"
"01GWGMNEZSZQVJ3M00QFXF82ZG","Porter","01GWFQ2GJ19VWRP6FAKZ54E6B1"
"01GWJHYY0H7DM7DBESQP7JKS7P","Security","01GWFQ2GJ24N2SKWW0TE9ASGB8"
"01GWJHYY0H9DQ0WSB4RCMMEESC","Receptionist","01GWFQ2GJ2XR32JG34RDK92FJZ"
"01GWJHYY0H9WHDTVCCQQ2PQHHG","Chef","01GWFQ2GJ3PVFKKN6HDNC169G4"
"01GWJHYY0HAA8QQGSDG7W1CJRB","Parking Attendant","01GWFQ2GJ4J6RSJZXVE15WF3PK"
"01GWJHYY0HBGTRXTXKJHRDF16R","Concierge","01GWFQ2GJ54A5FR77Z3THZ3854"
"01GWJHYY0HDQ1F84BWBDE7GAB1","Porter","01GWFQ2GJ6306TDZXGWW0BVNHY"
"01GWJHYY0HFWETS2RPDMFWT3JW","Security","01GWFQ2GJ6REX6G5Q5BM3E98H6"
"01GWJHYY0HG8C8TQCC4KV74YN2","Receptionist","01GWFQ2GJ7Q03E7XK4P7HDZYQ5"
"01GWJHYY0J1Z1S047FHXJTVM9B","Chef","01GWFQ2GJ8FTCBAZFFV8Y2ESE9"
"01GWJHYY0J50N8DB4Y45S7KNS7","Parking Attendant","01GWFQ2GJ98A7RF0NT2ZJ4DX2H"
"01GWJHYY0JAMS2TQ15EVS8GH5H","Concierge","01GWFQ2GJC2SM39ZM5AJSA498N"
"01GWJHYY0JBE8XMSHG46D6QZCV","Porter","01GW8WHMDTJZHGN1NYMXC7DA1R"
"01GWJHYY0JE699MA9EZQYF25D5","Security","01GW8WHMDWFVBK8TBACB5NHHF7"
"01GWJHYY0JF5VAZ28P0N5H9KW3","Receptionist","01GWFN948KMDQT272F0FDRJZRB"
"01GWJHYY0JFJ2MX29VX30EY6JW","Chef","01GWFN948HY35EF50WCAF3AQJR"
"01GWJHYY0JKXRHD4P3NDE7494W","Parking Attendant","01GWFN948GMBE2EN6CHCK5F85V"
"01GWJHYY0JPZDBN1P8JKV2YB94","Concierge","01GWFN948F8H499EXDJC6B4A2S"
"01GWJHYY0JYNTY95SWTTGV0257","Porter","01GWFN948EEHXYZJ7AAJT5DGD1"
"01GWJHYY0K0S69D91F8PMEKH0M","Security","01GWFN948D9TE999N8MJBB2VMA"
"01GWJHYY0K1KFJPY66E8FEVT7J","Receptionist","01GWFN948C9397ZSWFX6BQ608R"
"01GWJHYY0K1TPWFMA360X76CYR","Chef","01GWFN948B53P4XQ6ZYNFSZN0A"
"01GWJHYY0K2QDRX4WEJ5J0Q2HK","Parking Attendant","01GWFN9489ZKHXZ4HDHDF3H9A4"
"01GWJHYY0K4ER26RA91XCCSP51","Concierge","01GWFN9488VRGNB1RKWQDYZVF5"
"01GWJHYY0K7R1G5GFQ0W43HWDP","Porter","01GWFN9487NQWTB3Z8QWF47GZP"
"01GWJHYY0K9HEQSJW5D6MX3795","Security","01GWFN9486GJ2T0K556Z1QHD3F"
"01GWJHYY0KARE2MASMWHK5BE4X","Receptionist","01GWFN94852R148PKCQ26XWPXC"
"01GWJHYY0KNSTM78ZV0QJ7PNG4","Chef","01GWFN9483ZPXTMQMHZY6QDH5Y"
"01GWJHYY0KWCZ5TJDG8EQZ1EE9","Parking Attendant","01GWFN9482PGHJ7XYH5H1VHP5J"
"01GWJHYY0KXK2Z735T5NVEMBG9","Concierge","01GWFN9481MEK487BPTKKM2RDE"
"01GWJHYY0KYAFQKHZY05JJ50EZ","Porter","01GWFN947ZZ0NBJZ5D4CVW832M"
"01GWJHYY0M3WTQDXY51F6TADFX","Security","01GWFN947YQ33S9WZ89M5E9WMW"
"01GWJHYY0MA0FKEAMPTW2W8B5X","Receptionist","01GWFN947XA45ZBB6C7Y4Z99TX"
"01GWJHYY0MBFPG7RYP2QXD2HBJ","Chef","01GWFN947VYA26ZCKE22RR2ZZ9"
"01GWJHYY0MD0GV8FMJG9N2EC7R","Parking Attendant","01GWFN947T6E352E6ZAEHMFNG1"
"01GWJHYY0MMJ21XS5K36FQJ25M","Concierge","01GWFN947RHR89N1K83VCRA647"
"01GWJHYY0MP9SRZVZA0K61PW52","Porter","01GWFN947Q35BK465V7VHPQWR2"
"01GWJHYY0MQ45GH2JQT5YNSGEH","Security","01GWFN947NK8JS891J6CXZAAPV"
"01GWJHYY0MT5EE8AE52XXCKR87","Receptionist","01GWFN947MDSJ0RD6J92GCA146"
"01GWJHYY0MVG7ESS7EV146CP18","Chef","01GWFQ2GJ04CWZARNF6SC9B3F8"
"01GWJHYY0MXWC0ACFDBDMF80GE","Parking Attendant","01GWFQ2GJ1AQ72RJZN8NP6TNNT"
"01GWJHYY0MYZVV6X61RYZYZPQT","Concierge","01GWFQ2GJ25HC5CG69Y3CZ53Q7"
"01GWJHYY0N11KW9ZC4WAAYJ1RM","Porter","01GWFQ2GJ2YMACSRXH2PQX10FW"
"01GWJHYY0N5JFVGMGZJ5N0J9F9","Security","01GWFQ2GJ3RQ6TY5J52AAAJ8QN"
"01GWJHYY0N718B44NMMR1Y331D","Receptionist","01GWFQ2GJ4JVT3XAQVR2PNGGRJ"
"01GWJHYY0N9EE55T1QJB60N41Z","Chef","01GWFQ2GJ5544K533EERD4T47N"
"01GWJHYY0NAZWK53BE6765N0PV","Parking Attendant","01GWFQ2GJ64AX3GBHPBWXQNYKP"
"01GWJHYY0NBX8TBD13A8NBK2N8","Concierge","01GWFQ2GJ6SH6N1X3FKJM7E9Z7"
"01GWJHYY0ND23G13C8E58SZJ9Q","Porter","01GWFQ2GJ7RK6CDW35SVS53VXS"
"01GWJHYY0ND4J5A83DQJ2D7J5Y","Security","01GWFQ2GJ8GYJ8Q53HD8PTXGYC"
"01GWJHYY0NH3T64W0M1EZ0KJ2Q","Receptionist","01GWFQ2GJ9EVENC3XYTHC9YHAX"
"01GWJHYY0NHXWSY0QRRN83H8YC","Chef","01GWFQ2GJC329C4S9J0NB0NSRE"
"01GWJHYY0NJYKS4SSGF74H6S11","Parking Attendant","01GW8WHMDT3THC0VH4X36XJWG4"
"01GWJHYY0NK5140JX006HTH9RA","Concierge","01GW8WHMDWY35R4VGKQBNGN5TT"
"01GWJHYY0NSX9K2CS4BZWGPEJK","Porter","01GWFN948KHJ31XM0TWK9EM3Q3"
"01GWJHYY0P14JEKQ8GSMD5QR8H","Security","01GWFN948HXTFXM60Z7KMA8JBE"
"01GWJHYY0P4RJ2KGEKEJ9GQB96","Receptionist","01GWFN948GKZ2XCAZ1A8SBYJD1"
"01GWJHYY0P9KN7Q4GACPZ4878E","Chef","01GWFN948F8F11ARFAD8WB54HB"
"01GWJHYY0PANKYGSA6KFNHT1DV","Parking Attendant","01GWFN948ED9WH6K772FCD2755"
"01GWJHYY0PKBBTWHG1Y2V8QACB","Concierge","01GWFN948D7JRYJXCZP305GRJA"
"01GWJHYY0PT0NK96697MM8ZKSD","Porter","01GWFN948C8E2DRV9WTJE9ZVC6"
"01GWJHYY0Q1PJW6MQ9QPC7HBCQ","Security","01GWFN948AZJNRJGG2Z1MWDZ5B"
"01GWJHYY0Q4B31Z7RJQYTYEY7K","Receptionist","01GWFN9489XEJ6W1TDZYW8K3NS"
"01GWJHYY0Q8RNDYN2MTH3408BR","Chef","01GWFN9488RASND5A815W7QRJ3"
"01GWJHYY0QAPD51FEJGZ9CV6WJ","Parking Attendant","01GWFN9487N725JE372T5775XV"
"01GWJHYY0QCP30QXK6K4ZH0MM7","Concierge","01GWFN9486DQ0VZTP8QVZ7F3F5"
"01GWJHYY0QF75M1T8QTCDV9RX5","Porter","01GWFN94851XT5ANG98WDBB5HD"
"01GWJHYY0QKJ09E66DTR50DPKS","Security","01GWFN9483YNVSJZ1DJV4TF77H"
"01GWJHYY0QKYWF3DZX4Q9YKDHF","Receptionist","01GWFN9482K1W91EY7D4BSVXQ1"
"01GWJHYY0QNFXG2VJ0Y1MWCXVR","Chef","01GWFN9481D60GZ643C7VSMPZ3"
"01GWJHYY0QRH67HCCKGS9WX1T6","Parking Attendant","01GWFN947ZWRV8A2JEZMSGHHTX"
"01GWJHYY0QTCM1E5J6DY1P0ZMS","Concierge","01GWFN947YPH4MXXRKDNYYH0XK"
"01GWJHYY0QWS4851VFAFNDBB4H","Porter","01GWFN947X8W21TJHAM1E3QS7D"
"01GWJHYY0QZ0T5J0ZVS6TFJY4K","Security","01GWFN947VW21K480R5DHZ5A7C"
"01GWJHYY0R59F64BXXASQ0Z376","Receptionist","01GWFN947T5MZNHS7N14BC9BGC"
"01GWJHYY0R5VPA3F1C3XY91ZVR","Chef","01GWFN947RGB5BS84YB8QTTYXF"
"01GWJHYY0R69Y3A84A2A0X4BGG","Parking Attendant","01GWFN947Q129NQ3KEH4HHCPB9"
"01GWJHYY0RAJ0A73BNAY5E9WWR","Concierge","01GWFN947NGN4ZPTT7WXV264M3"
"01GWJHYY0RDT0YP652EEGVEF3D","Porter","01GWFN947KW52QBFMSFRZJT89Q"
"01GWJHYY0RET892Y2H2DA3K2T7","Security","01GWFQ2GJ05TE7MCX27J0VP79G"
"01GWJHYY0RFKXFVB6W0NQ9JCDZ","Receptionist","01GWFQ2GJ1DE5WDM5S870F130C"
"01GWJHYY0RM8ST62XDPGF78GFY","Chef","01GWFQ2GJ27M8VGF81V9GJ3GFH"
"01GWJHYY0RMKSTSHWV4P2AWQYA","Parking Attendant","01GWFQ2GJ2YQ657PZ51W5J3WA9"
"01GWJHYY0RP96EJ1KXMF41RRMG","Concierge","01GWFQ2GJ3RQ8G8HFA41HEZGT3"
"01GWJHYY0RQ5PRS15MDBTXFFCR","Porter","01GWFQ2GJ4PXFY1AZK3APZ97J7"
"01GWJHYY0RQJ96Z145Y1CG2QNN","Security","01GWFQ2GJ557DS1AG0W264T6ZM"
"01GWJHYY0RQNV3GQNB2JK9Z144","Receptionist","01GWFQ2GJ65H8MFXXS9H1D5ESG"
"01GWJHYY0RX7QBAHX4W3SH1S2D","Chef","01GWFQ2GJ6VV7N6639VM0TAYBW"
"01GWJHYY0S3QDXXNEX48QA32BG","Parking Attendant","01GWFQ2GJ7TW9YNXDZW5KBMVSS"
"01GWJHYY0S4STVEQJ5DEEQFMGY","Concierge","01GWFQ2GJ8MB36ZBJR5R56ZHBE"
"01GWJHYY0S5FF8WNCZKWE8A1ZT","Porter","01GWFQ2GJ9G1EFEMWGF7ACXBY3"
"01GWJHYY0S6N3TAMX7KPC45PD5","Security","01GWFQ2GJC3PNT3Z454459RH0B"
"01GWJHYY0S8VR3DSCMM2SVDWD3","Receptionist","01GW8WHMDT82SSJ379G349F1PJ"
"01GWJHYY0SA0YMQ1AKQB6T1JEE","Chef","01GW8WHMDWAPB1S6XP3KEXD39T"
"01GWJHYY0SA8V4ZJDTP3RAFQ0Y","Parking Attendant","01GWFN948KB3RWYGNETHKVQA9B"
"01GWJHYY0SBZZSCBANZBSWT0XG","Concierge","01GWFN948HXNFEE2ZY3GF9XN1P"
"01GWJHYY0SEXJBAJX8PG3KBGHV","Porter","01GWFN948GKGKHAFGDZ17PY0BY"
"01GWJHYY0SHYDZ2H96XEXN56EY","Security","01GWFN948F8C8SHM6131Y2J7T0"
"01GWJHYY0SK1QPZ24XACWVREQ1","Receptionist","01GWFN948ED3NK1MJTVT02S0AS"
"01GWJHYY0SS3KG6KGKK2Y9RCX1","Chef","01GWFN948D6YJNJW5Z3MZSSBYH"
"01GWJHYY0SZQ98XQM4QAP66409","Parking Attendant","01GWFN948C4SPB64NMXNT2VRKY"
"01GWJHYY0T0A9760J8WR08PRWN","Concierge","01GWFN948AYR8QHA9ZQWNY3K2X"
"01GWJHYY0T0J700CS252PHWZP3","Porter","01GWFN9489TNRMSZA13X7XBEQ0"
"01GWJHYY0T18YE1WJ5S4QV44DW","Security","01GWFN9488PW0CQNJMXX6B2414"
"01GWJHYY0T4QVMNVMWNCF23C70","Receptionist","01GWFN9487MJ18GM7XDX0K5C5W"
"01GWJHYY0T6RHQP8V0FM2Q5R0G","Chef","01GWFN94869ABA8TZ5RV3NDWM6"
"01GWJHYY0T9DW7K47KBZNGTD9F","Parking Attendant","01GWFN94851KYXJ40CYV8WTMPS"
"01GWJHYY0TBVG8T3S85CXGES1Z","Concierge","01GWFN9483VFNPN810C3M9QN8C"
"01GWJHYY0TCEXCF70MV8Q401RB","Porter","01GWFN9482DP66QYZJN5FDVKTX"
"01GWJHYY0TCWAR28PDE64Z4E9T","Security","01GWFN9481CDXY4H9W8RKG5FGH"
"01GWJHYY0TFGD49HCRPYQW649F","Receptionist","01GWFN947ZT24Y23JSAE7D4AD2"
"01GWJHYY0THABK3DD2RR623PNY","Chef","01GWFN947YNRFFP03F4R67PRT8"
"01GWJHYY0TXK3KXGWEGS8DH8TZ","Parking Attendant","01GWFN947X77E6PNQ21JA9X1XK"
"01GWJHYY0TZAD4JYEKMTMR2CJZ","Concierge","01GWFN947VTP5KRVHYA8GKKN3Z"
"01GWJHYY0V5HJG5NG5D8AV3CYZ","Porter","01GWFN947T57PD1X73A27AQC4B"
"01GWJHYY0V8EVJVWPZRWG6KJSM","Security","01GWFN947RFWY7ZDJX1JMVE6K1"
"01GWJHYY0VCH03FERC70DDVWAX","Receptionist","01GWFN947Q0FKXBTQ4H22928VB"
"01GWJHYY0VCSJNM1T49XKPBVEZ","Chef","01GWFN947NG6PJYHG64YVCYKP4"
"01GWJHYY0VD0HGTSD1NWRK0S62","Parking Attendant","01GWFN947KK3MQS3CZ5YDWMDTA"
"01GWJHYY0VH09512RZSARWRHD2","Concierge","01GWFQ2GJ0BZ77S27F0FGD998X"
"01GWJHYY0VNCPRQWF91ZEHR6KV","Porter","01GWFQ2GJ1GH36ZSG50APE9BEX"
"01GWJHYY0VSAXE140JXBW93HYR","Security","01GWFQ2GJ2827FQSGG2V00JTBV"
"01GWJHYY0VTT55J491FK786BZC","Receptionist","01GWFQ2GJ3141677ZFY3YCNZR7"
"01GWJHYY0VVG1WD9RSQB7N41DE","Chef","01GWFQ2GJ3TPHJD3T4MZKA580V"
"01GWJHYY0VWRK23QP4QYQYZMX0","Parking Attendant","01GWFQ2GJ4SENVYTDXDQN6AR19"
"01GWJHYY0VYV2QC0GJ4Q6EM1MG","Concierge","01GWFQ2GJ559JFH0KRCAZ8AG3W"
"01GWJHYY0X1039AC7YA9J9927B","Porter","01GWFQ2GJ65S1CM6RKR4YXK02K"
"01GWJHYY0X269C3E3FSQY19PGJ","Security","01GWFQ2GJ6Z0MG3N8GTB3GN2E5"
"01GWJHYY0X72J0EZJPQNWSCEB9","Receptionist","01GWFQ2GJ7V2EZ1YR6YKWY29TK"
"01GWJHYY0X7GGDRQJ5M2WP9M8P","Chef","01GWFQ2GJ8ND7Y8YPMFWQJ7F8K"
"01GWJHYY0XD6DZE0RK3SSM5M7E","Parking Attendant","01GWFQ2GJ9GZ5VS7VBWGGN3W24"
"01GWJHYY0XNHW3TQ6Q1PTD511F","Concierge","01GWFQ2GJC4M3MRXQFVSZX4WQN"
"01GWJHYY0XTJVTX8QB6N15JB5B","Porter","01GW8WHMDTTPC79ZQYVHDFFDKX"
"01GWJHYY0XTK3N52QBQZ80MMNX","Security","01GW8WHMDW9D04VZKAKHQJ04DR"
"01GWJHYY0XXKG2JXPR41YBV745","Receptionist","01GWFN948JZAX47SP9V6FS19EV"
"01GWJHYY0XZYDASJND5CHXX8NH","Chef","01GWFN948HVH1XWNFDQ0HNKQMV"
"01GWJHYY0Y063FE8TTZXKC9G7J","Parking Attendant","01GWFN948GJ2EEVTY78YF8Q2MQ"
"01GWJHYY0Y1HC8B88HZFVZEB2N","Concierge","01GWFN948F5442WPP01TV0AMCM"
"01GWJHYY0Y2ACFF5VCGDVP30P6","Porter","01GWFN948EBV58PYF2J7WSA1JD"
"01GWJHYY0Y2CSRG7Y05DTV9BWW","Security","01GWFN948D53S4J5WD6T0WFBX5"
"01GWJHYY0Y5RZPGWWP76HHQ890","Receptionist","01GWFN948C3WE0CG533MANG25Q"
"01GWJHYY0Y8GPP54GE73YTSJ8X","Chef","01GWFN948ANB0TRGH3NVXDWQ8D"
"01GWJHYY0Y8KK6ZV5C147FF9B6","Parking Attendant","01GWFN9489SZB3P73HXJ9YD077"
"01GWJHYY0YH7W20M7RPXH612V8","Concierge","01GWFN9488NFA2E6Z4RQVM99CR"
"01GWJHYY0YJV33JZ3H048GXRC6","Porter","01GWFN9487GGB60G5ZSSCR8TPM"
"01GWJHYY0YNKPB1YNBSVENR01X","Security","01GWFN94866ZTJJCMMWF4SFRA6"
"01GWJHYY0YPR63RPNDC500X059","Receptionist","01GWFN94850A55PM1536G6741E"
"01GWJHYY0YV13JGW42Q6Y1SB9Q","Chef","01GWFN9483RF14F2130CE9S6KP"
"01GWJHYY0YVZBSMFN2W97X1C3S","Parking Attendant","01GWFN9482B56REWBV0JQBS67Z"
"01GWJHYY0YZF5WZ2A6NQJJ83GF","Concierge","01GWFN9481B0SWZEC6FK1XJ34Y"
"01GWJHYY0Z1S3A3H2MENPNG9ED","Porter","01GWFN947ZSZC7W7KQEMGWM3NF"
"01GWJHYY0Z330ZRZKMBV5TRJ7R","Security","01GWFN947YHW7PBN3FKJPEEGAA"
"01GWJHYY0Z3WRJ647T5FEAEQ37","Receptionist","01GWFN947X4ZHNNHGWTS66JD2D"
"01GWJHYY0Z7130VTQ9GERDNYMD","Chef","01GWFN947VQ03TJ84AXVEKX10T"
"01GWJHYY0ZGZWZJJ24P20DVAZ2","Parking Attendant","01GWFN947T3CHRR53AHAD3JPQW"
"01GWJHYY0ZJRSPZE4XFHX2NWZH","Concierge","01GWFN947RFDSN2D4F9B1NS21Q"
"01GWJHYY0ZNDT266Q8A15K62K1","Porter","01GWFN947PW6DGRF9YCRFASEH8"
"01GWJHYY0ZPE22K5T3AWD28026","Security","01GWFN947N79J21F8FCP83RPPQ"
"01GWJHYY0ZQ52HZQAYMQT2MZ02","Receptionist","01GWFN947KG6ME7TT3ZED0QYT2"
"01GWJHYY0ZQKTVA65AYVAPRE3Y","Chef","01GWFQ2GJ0DJAQXBCPZDQNXCWG"
"01GWJHYY0ZRFQER9C1GAVQA6XZ","Parking Attendant","01GWFQ2GJ1GT5W4R926ETE1WVS"
"01GWJHYY0ZS915QRTFP6FWEJP4","Concierge","01GWFQ2GJ2853A0GGR5H37SDC3"
"01GWJHYY0ZVTVXBZN3VEN3JB50","Porter","01GWFQ2GJ317P8ABCV89J0NZ91"
"01GWJHYY101JPNXYX8RZQ108S4","Security","01GWFQ2GJ3VSFVBHY5WF393EQJ"
"01GWJHYY10241SFWF12JVN3NFX","Receptionist","01GWFQ2GJ4SF4NQ0X0GQW6JRQS"
"01GWJHYY102EBKVA2GNZCCE7GJ","Chef","01GWFQ2GJ583N224ZBQV2A785N"
"01GWJHYY103EAX6NDM7M54JEPN","Parking Attendant","01GWFQ2GJ660XMMNVA5R1ZFY2E"
"01GWJHYY104CJ73JKXGHYQRDX7","Concierge","01GWFQ2GJ71KQ3YQJB1ZFVB7JK"
"01GWJHYY107CJYNWQXR4C5GPE9","Porter","01GWFQ2GJ7W0F7ZBTTYTZK9VAK"
"01GWJHYY10A9XW8MX20CZ1RFCN","Security","01GWFQ2GJ8NWF2NNGEVP03C31R"
"01GWJHYY10BRBMQ8KNV6DPV92H","Receptionist","01GWFQ2GJ9H991PX8XTB9PVV55"
"01GWJHYY10DV0PMGNKWM6EVYMS","Chef","01GWFQ2GJC6ZFX44GK6P84TPQN"
"01GWJHYY10GQSTHNPQFNBPRJPT","Parking Attendant","01GW8WHMDTWEGZN7BD0GV0DSJ9"
"01GWJHYY10KMF499SZR41D7A3N","Concierge","01GW8WHMDW78G13TDNAEVQ1Q8K"
"01GWJHYY10N0S0G9FFQJP37P1J","Porter","01GWFN948JTWXPZ077Q1WY01RP"
"01GWJHYY10YVZ3BWGMK1HTAQ51","Security","01GWFN948HR4020PHA0ZFQD8YZ"
"01GWJHYY10ZRT4DDZHERXNTNJJ","Receptionist","01GWFN948GHNASHGFMNPY0733J"
"01GWJHYY11118E6H8TQDNF935D","Chef","01GWFN948F4R18Z7BD7VWJQT50"
"01GWJHYY112PZTD53QMQ99DVFG","Parking Attendant","01GWFN948EACP7XDP49HER0FT7"
"01GWJHYY115638WMZCRRTPSR6W","Concierge","01GWFN948D535EDN0C5Q36YDDD"
"01GWJHYY11BR4DGTK1HMJECVHG","Porter","01GWFN948BWAKP4Q0YZN0TS8NP"
"01GWJHYY11BW9T5GMHAZRRHWEC","Security","01GWFN948AKPWETRD36ZYBAM0N"
"01GWJHYY11KMKQW9HDCDTQG6K0","Receptionist","01GWFN9489N59D058RSYCJJ1JC"
"01GWJHYY11MAGHQYB9DBZ8C6NV","Chef","01GWFN9488KHVPRCB3HQGXCRDT"
"01GWJHYY11Q3Y9DP6ET948JZ1E","Parking Attendant","01GWFN9487FHM621MVRT5Z42RH"
"01GWJHYY11RBX71ZTQJCY84ZD1","Concierge","01GWFN94866N203T0HRATYGQAD"
"01GWJHYY11VRC8V155SP4N8NR1","Porter","01GWFN9484TGZ5EQHJXB5YMJK9"
"01GWJHYY11W4YK71MDTM2CFJVS","Security","01GWFN9483RD87ATREWM81P4KE"
"01GWJHYY11W6DA0X29B5W8N3ST","Receptionist","01GWFN9482AX4Z5GPAJQNZSTF9"
"01GWJHYY11ZV6KSMT1CBC44Q4Z","Chef","01GWFN94818EMVS0ZWH125W3JP"
"01GWJHYY120WTQ0PFSQJGKVBX5","Parking Attendant","01GWFN947ZR9A224XQEBR4K82C"
"01GWJHYY1210WX8VGJVC5R2FBZ","Concierge","01GWFN947YH98BMKK6RNSFR4V4"
"01GWJHYY121KTGZQ4FHBNX0XW4","Porter","01GWFN947X3NDCACYNBS299Y83"
"01GWJHYY125PQGW4GRRKRTHV8A","Security","01GWFN947VJHZGBHQMYXR7QVY1"
"01GWJHYY125VJ6JNEGQ10Y5F65","Receptionist","01GWFN947SZ1CJN8JTEFVMXTSY"
"01GWJHYY12602K8CWJKN7T5A0R","Chef","01GWFN947RBNRMHBKGJR91SZ7N"
"01GWJHYY12B1QPV8HJ5JHENA10","Parking Attendant","01GWFN947PV9KWSFQKDVHK14KP"
"01GWJHYY12CS66XXFAJ23JEAB9","Concierge","01GWFN947N5ERZBCJZ7NWRVBQA"
"01GWJHYY12E1PGZ643DQB76H6F","Porter","01GWFN947KC33SJFWRHEPKSP60"
"01GWJHYY12HJ52SS2M703590N3","Security","01GWFQ2GJ0H4487DSFKWAYJR78"
"01GWJHYY12JV764QSQZ1BYH3Y5","Receptionist","01GWFQ2GJ1JKRR50QXH0P95JK7"
"01GWJHYY12KPK7VQ8SZ7WTZZA5","Chef","01GWFQ2GJ2AV2V29TBW8GG0XAY"
"01GWJHYY12MSQJJSBV717WJZ8D","Parking Attendant","01GWFQ2GJ31YJ8795HQ1XNBX0R"
"01GWJHYY12P1A9Q4VP98JPNYFF","Concierge","01GWFQ2GJ3VXRRPADPN9FECAN2"
"01GWJHYY12PK9DY5RC4AG40RC1","Porter","01GWFQ2GJ4TBNX6VS2EZKK70XT"
"01GWJHYY12QR2HMK3F42MCE9K9","Security","01GWFQ2GJ5B0WTCJC8EQK2HVHZ"
"01GWJHYY12WQJJW23HV8HHETJZ","Receptionist","01GWFQ2GJ678NV5VTX8T14GCYY"
"01GWJHYY12XYGS1DVRRB2MN4SM","Chef","01GWFQ2GJ72D2TXC0FBY2DDYRG"
"01GWJHYY13133V87HYV82BHXKT","Parking Attendant","01GWFQ2GJ7XEPXA52D0HN3H97S"
"01GWJHYY1369ZYNB07MNW8JDJG","Concierge","01GWFQ2GJ8Q4RN6TYF7SY3QZNB"
"01GWJHYY136DM39HYJMQ4PPMMF","Porter","01GWFQ2GJ9HF10M1Y41Z3TDXMV"
"01GWJHYY136SBRW6RAYYKJVC7P","Security","01GWFQ2GJCBQWWKJ6501Q4KN8T"
"01GWJHYY13772GYE8YP70MP2HX","Receptionist","01GW8WHMDTW6M89ZDATNH3DKBM"
"01GWJHYY139AAG18VEPKMRMN9N","Chef","01GW8WHMDW2HMND275XSMQMS32"
"01GWJHYY13BZCM0C5232K7PEW3","Parking Attendant","01GWFN948JST5CZVYYFBNHVD4J"
"01GWJHYY13E4KBVBD7GFGVX7JR","Concierge","01GWFN948HNQX4K8EGQBRNBED6"
"01GWJHYY13EZ9N2K8SBAJ4G75P","Porter","01GWFN948GF89M9GYGQKJE6PPW"
"01GWJHYY13HNXH1F0V6045NBYG","Security","01GWFN948F4GBY5RXHHWMGK30C"
"01GWJHYY13M2FZA0XF5NJPGK6P","Receptionist","01GWFN948E8ZH2T2S6X81P59GS"
"01GWJHYY13NVZ2XMVNJ1FBEDF4","Chef","01GWFN948D0S3N2DNFCTFSXEXP"
"01GWJHYY13QPRRDXEAA327F62H","Parking Attendant","01GWFN948BTC7J8W7NQFDX7WDE"
"01GWJHYY13RSMSAFJZ77H0E0JA","Concierge","01GWFN948AHM4SQS2W9VGYS79A"
"01GWJHYY13WE5H25H0116VZ62T","Porter","01GWFN9489KW0VDF16HMH59WVV"
"01GWJHYY13ZZW27MPQ9C8242Z1","Security","01GWFN9488JH0FTGTN3WST2NX7"
"01GWJHYY1400SN37TH49W0FPHC","Receptionist","01GWFN9487F4SWEPDBRMBTD235"
"01GWJHYY1432SZ6EKJ3QJGF5VM","Chef","01GWFN94864MTHXXSEMAAQVAZA"
"01GWJHYY144ZEXMTF08BJ1R823","Parking Attendant","01GWFN9484R5P3YACXK7GGG389"
"01GWJHYY146H0TKZ31AMDQ6X13","Concierge","01GWFN9483P70V45WHM932H2XJ"
"01GWJHYY147NKY6JG2EV6ZWKBZ","Porter","01GWFN9482AE46M1F6D6ZAZ90A"
"01GWJHYY149ZVZVF0P8J7CKZ89","Security","01GWFN94814BRE5698NVSA77D1"
"01GWJHYY14BPYTM36F5KH4M7ZT","Receptionist","01GWFN947ZQ2K4JGV9GJ76VR9H"
"01GWJHYY14FQ3J796NFPKC09PW","Chef","01GWFN947YH4Q2SPYVJE9YB1RS"
"01GWJHYY14GN26WQVE1S0YAW1J","Parking Attendant","01GWFN947X2HXVJVVBJDA19C58"
"01GWJHYY14KY024715PTSXZ7GF","Concierge","01GWFN947VB8CKH43GDGQWDH4M"
"01GWJHYY14NBC57E2W40P7KQFD","Porter","01GWFN947SYHQNX5M7CEZVVZKR"
"01GWJHYY14RHREP5HDM8XVQ9QH","Security","01GWFN947RA5VXZ6DK13DWK0JT"
"01GWJHYY14S6X2VJADYSWSH770","Receptionist","01GWFN947PT181XJG6WY03JEQZ"
"01GWJHYY14T26FEC5G6BYC4TTA","Chef","01GWFN947N4HZT3K2GEA8Z3527"
"01GWJHYY14TPYA3FB40PTVEXEM","Parking Attendant","01GWFN947KADDTMD74QVJB5G08"
"01GWJHYY14X7CNCG1E0SSAA0XW","Concierge","01GWFQ2GJ0KR0VFXTPGX923C89"
"01GWJHYY14Y8ZR3CS6MAQDE5SD","Porter","01GWFQ2GJ1NV4ZQ6T555MV1ME2"
"01GWJHYY150V6FS6NZT7Y9TNRG","Security","01GWFQ2GJ2CZQNT0MC953WE86V"
"01GWJHYY1511EN1B4WPD4J1ZSR","Receptionist","01GWFQ2GJ325KX4PCH86HME533"
"01GWJHYY151R2RVCX4VJ1D8ZP6","Chef","01GWFQ2GJ3XWVVQNP237T80N34"
"01GWJHYY154B3TEQSX0TZXMRK3","Parking Attendant","01GWFQ2GJ4TRCKMH1KB1VJPBZ5"
"01GWJHYY154MG8DX6F4W8SWKMA","Concierge","01GWFQ2GJ5BA8FAC7C7B1HGHE5"
"01GWJHYY156TD7AQX1HEGGFX84","Porter","01GWFQ2GJ68BWC34ZVJ9WVPVDH"
"01GWJHYY157JH53AY3GXWM9TPQ","Security","01GWFQ2GJ72RWMYH6TM2YW4PBM"
"01GWJHYY158YK89068SJT8FDC5","Receptionist","01GWFQ2GJ7Y0AE2ZM7XBDP6JZ0"
"01GWJHYY159Y0H6QDGXXA9A61V","Chef","01GWFQ2GJ8S3MN7MTMZEZ73ANB"
"01GWJHYY15BJEAWHVHFR7K3V62","Parking Attendant","01GWFQ2GJ9JKH32DVZHE9T3763"
"01GWJHYY15E7V2MF0GHYC8A9WB","Concierge","01GWFQ2GJCFSJ5R9ZJDCF9ADXW"
"01GWJHYY15KSBGF89V222FMPJW","Porter","01GW8WHMDV4FX343WWPPF84M2B"
"01GWJHYY15NK3WQ692J8WCW4J8","Security","01GW8WHMDWF7YZW6WMCBZZE7X1"
"01GWJHYY15NKQ4KHDXBHK1S2Z2","Receptionist","01GWFN948JRNJY3GHJX07PVFB7"
"01GWJHYY15YCK6D1J0S6X6296P","Chef","01GWFN948HHE4RWXEHJP36Z3XP"
"01GWJHYY15YMEJ9587MZ7FEP75","Parking Attendant","01GWFN948GDYB4FMYAK8G77C04"
"01GWJHYY163P0BQ9CRMR0PH4X9","Concierge","01GWFN948F41TWWPHX42FFCZ9J"
"01GWJHYY1642YW64NTSD7FGBE7","Porter","01GWFN948E5RD6V2XCJ9WS6DM4"
"01GWJHYY167Q0KZF7G7H43F47T","Security","01GWFN948D0HM00RG43N3D5QPT"
"01GWJHYY16986Y7TF05F9V5X4J","Receptionist","01GWFN948BPP9S5PMD9VH4Q9NK"
"01GWJHYY16ANATSN3HQK75H5KX","Chef","01GWFN948AHA0BM7MXF2MY5WGJ"
"01GWJHYY16CCB1QSP55S7V5FRC","Parking Attendant","01GWFN9489JNSKA9327P2S2JCS"
"01GWJHYY16EJ147TG7RJCY8K0T","Concierge","01GWFN9488ERK0JM3FPMXWTACV"
"01GWJHYY16F1V5KW65KV9PJW1Z","Porter","01GWFN9487F44R4DYYHE929G7C"
"01GWJHYY16FSBQDXXD9V63NAB7","Security","01GWFN94860M0X8WTE3M1E8EEH"
"01GWJHYY16GT289VBDVDYGRH06","Receptionist","01GWFN9484R0CBWKKDKFPFZ62V"
"01GWJHYY16KFW0V0V4CKK30957","Chef","01GWFN9483H8ZPMA8QVMSZFVD3"
"01GWJHYY16KKNQBR2406PJMDHX","Parking Attendant","01GWFN94827BWXJBRCCCTWAVJA"
"01GWJHYY16R94HMVGHHZQX0F19","Concierge","01GWFN9480WF76MCSGWEQD8ZT2"
"01GWJHYY16RH8N3K5W1KCABN7H","Porter","01GWFN947ZMG4K4S5J060SNVCH"
"01GWJHYY16SWAFGSNQZTX0W0YQ","Security","01GWFN947YGCFQVNYNJNHQNGQJ"
"01GWJHYY171KQPA37K0VYZK7T2","Receptionist","01GWFN947X1R15VKXD733R9SZH"
"01GWJHYY176N8K3EFMN44TBV1T","Chef","01GWFN947V9P9AEQS96HQ8GG1H"
"01GWJHYY17DHVGYKBF4ZAJAQ9T","Parking Attendant","01GWFN947SXGY5YH1EV7E49K2N"
"01GWJHYY17DSCKWDAQP2Y0AFSK","Concierge","01GWFN947R8B3KSNSA232VK0C0"
"01GWJHYY17R3PNF8HE073X2A0W","Porter","01GWFN947PK4YNQWJMXXNXGATA"
"01GWJHYY17TFG7T1KQW1BA3V4M","Security","01GWFN947N3E3PHGTD9GTKHF3F"
"01GWJHYY182X3ADP5WZEN6WA5R","Receptionist","01GWFN947K8Y9HJVRK7TFVZCVS"
"01GWJHYY187YD5JN4KAP4XHGGT","Chef","01GWFQ2GJ0NSTMGPJY5NATSXQ7"
"01GWJHYY189BF85WHBP9QM3R1R","Parking Attendant","01GWFQ2GJ1Q28PSJM2NXZTMNEZ"
"01GWJHYY18C59DDKABA1146MQS","Concierge","01GWFQ2GJ2D92FFK7P2D1B9PE6"
"01GWJHYY18CHE9708309YX6XHN","Porter","01GWFQ2GJ33QB2F5TV2M4YF227"
"01GWJHYY18GBNYHACR468X9NMF","Security","01GWFQ2GJ3XYWKH4WX7N8KZMTN"
"01GWJHYY18GHA11YBPZ80X90PG","Receptionist","01GWFQ2GJ4V2EVG68XP6K0JFW6"
"01GWJHYY18JH87QDTHGKZDEK9M","Chef","01GWFQ2GJ5CBGSFESHH4QT4XRN"
"01GWJHYY18KVPSG8NBHWGPWAER","Parking Attendant","01GWFQ2GJ68NT161G2X2MFM450"
"01GWJHYY18VQS9RBFY8Q98QSHF","Concierge","01GWFQ2GJ73ZTQ1ST7T6TYVQ14"
"01GWJHYY1910AJT1REB09TVMS2","Porter","01GWFQ2GJ7YP1CN7MNFRA0QMTR"
"01GWJHYY19113M0ZZ5NB31PJ1K","Security","01GWFQ2GJ8SMJ2ADDYK46FYWQM"
"01GWJHYY192237D5DMTEJF37HE","Receptionist","01GWFQ2GJ9KX11C0YXN3BFQZD0"
"01GWJHYY19D3N3NCRT577GB756","Chef","01GWFQ2GJCG6BDS28PRH17AW57"
"01GWJHYY19GAF0CZVKAFQ6H67G","Parking Attendant","01GW8WHMDVW2608E46YQ8RR8T1"
"01GWJHYY19K05X80VS4MN67JQ5","Concierge","01GW8WHMDW8YSBBH84MDZNA8TE"
"01GWJHYY19KTN0392C4QSP38VV","Porter","01GWFN948JRJME0P1ZEABYYSP6"
"01GWJHYY19NA32G2BAWCY3VYK7","Security","01GWFN948HGHA9Y5GFEHCC3DMA"
"01GWJHYY19NTSME4S30E0697CF","Receptionist","01GWFN948GD449XX6C5XQ304GZ"
"01GWJHYY19PHWYX99BPBY0FKT8","Chef","01GWFN948F3VT0KA2WEGQ95YE9"
"01GWJHYY19RCAHW9TZXGHE9BF3","Parking Attendant","01GWFN948E47ECQDWHJ2CGG49P"
"01GWJHYY19RYD53A7SNQ4AAT2P","Concierge","01GWFN948CZNW905CVE1K5V23S"
"01GWJHYY19S7QP7R273K93KMPY","Porter","01GWFN948BKJRX22M4VPZHCQ4X"
"01GWJHYY19WWHSM511JPFNDAFE","Security","01GWFN948AE8078WY3FV2KEMNC"
"01GWJHYY19YYM7FABG5WXXWKP2","Receptionist","01GWFN9489J979F2NEK0PXF80W"
"01GWJHYY19Z0VKR4XDR04PB9NH","Chef","01GWFN9488EA1S0QZNM8YF5A4Z"
"01GWJHYY1A2XD20ACTTHK09QE5","Parking Attendant","01GWFN9487DSTCBDKC1M29DMSP"
"01GWJHYY1A4B72K9VDYVZAE84N","Concierge","01GWFN9485YDNKDCK9N3XVPY09"
"01GWJHYY1A4Y4W9BF4226XHF6H","Porter","01GWFN9484P5V5C1WXW1TR67F7"
"01GWJHYY1A7ZQYJY9Y47RV80YE","Security","01GWFN9483G1HYVFBFST6N0PSN"
"01GWJHYY1A8RX73MN1ZHBHN002","Receptionist","01GWFN94826SBGGRBP5N8G6QTW"
"01GWJHYY1A9R38TP92G2MHN8CE","Chef","01GWFN9480W8ZE0ADGVPEFPTTB"
"01GWJHYY1ABBAQ8CGRYS8NRGRN","Parking Attendant","01GWFN947ZGXDHKG762MVB47MH"
"01GWJHYY1AC8G9DPXJF829PAZH","Concierge","01GWFN947YCCWMYSVJHEYZ0KVD"
"01GWJHYY1AESGEBGX3YD7XH74Q","Porter","01GWFN947X0S05A86FW62SNDSF"
"01GWJHYY1AFY4FJS149W18S9PX","Security","01GWFN947V7G78DA01Q589MQEA"
"01GWJHYY1AGWJRJYDZCBX6FHRC","Receptionist","01GWFN947SRWY90QKFAF8KDYHH"
"01GWJHYY1AJBN23CTFBPRKJTGD","Chef","01GWFN947R6PRK14Q6XG9D51EE"
"01GWJHYY1ARRGPN0CZ2MQWEBQS","Parking Attendant","01GWFN947PGYD2971C8WKM3FWA"
"01GWJHYY1AVECG8WX78XQRWV1C","Concierge","01GWFN947N23BNZBX2RVDZPX7N"
"01GWJHYY1AX1DJV2GA7EFQWN2Y","Porter","01GWFN947K1C8Y0X5EHTKKMYNZ"
"01GWJHYY1B3K3A5HPRA710K1JT","Security","01GWFQ2GJ0RGB8S6Q1H2PDK3YY"
"01GWJHYY1B8149TBGY1ATHBCGM","Receptionist","01GWFQ2GJ1QBK8RM5451XM0DVZ"
"01GWJHYY1B8JN7CWKZ4S7JHNDM","Chef","01GWFQ2GJ2D9VKREP34M3DRV1H"
"01GWJHYY1B9CFTE6GMHGADXTCA","Parking Attendant","01GWFQ2GJ36P3SKK7TX55VW9WB"
"01GWJHYY1B9MHCZB2PGWNEG50T","Concierge","01GWFQ2GJ40DX77AMC55KXZFXT"
"01GWJHYY1BAJD3040S39N6V4C7","Porter","01GWFQ2GJ4VSYPE83560FAACQW"
"01GWJHYY1BB9KXWS5K0N7SS2XS","Security","01GWFQ2GJ5CE1X311CD0NMQXG3"
"01GWJHYY1BC96HB58KT7ADACRB","Receptionist","01GWFQ2GJ69X6KZGWCFN1SYJ6P"
"01GWJHYY1BD3AZJCVARR3JZP70","Chef","01GWFQ2GJ77R61P9P92YSPSK1Z"
"01GWJHYY1BETSPWYRTT7NE12M8","Parking Attendant","01GWFQ2GJ7ZV6Z19S54SWBKD6T"
"01GWJHYY1BF6JQW2HQK1JERPQK","Concierge","01GWFQ2GJ8SVZVKW2BPXGKM5H1"
"01GWJHYY1BFHPTTB0QTSDCN0K8","Porter","01GWFQ2GJ9MPJN98VETD1Y7KAY"
"01GWJHYY1BRV2FT3RVRSW2DPGW","Security","01GWFQ2GJCHEYNMFST1WZFJAP1"
"01GWJHYY1BXP24SWSB7XFBAC3M","Receptionist","01GW8WHMDVCATZ5B9SXP8AG7NQ"
"01GWJHYY1BZ4BC5F2DB51CHXEB","Chef","01GW8WHMDWEWV89BD524N8WTEH"
"01GWJHYY1C4WD5VATWBXBX5KM7","Parking Attendant","01GWFN948JR07HSGY6E21K5BAX"
"01GWJHYY1C515CBN5KH7CNK4ES","Concierge","01GWFN948HF141AKVCBBRT2TA1"
"01GWJHYY1C5VYPBEW86W6N4ZCH","Porter","01GWFN948GCPPXTP2Z24GRAM63"
"01GWJHYY1C6ANQFS2CPVN3YR25","Security","01GWFN948F3K45EVB5R1WX4ZNB"
"01GWJHYY1CAA19HX3VH7FH7TDC","Receptionist","01GWFN948E43D7XMBNQGED626A"
"01GWJHYY1CB6CSFXWWZ4FXAPDX","Chef","01GWFN948CZGDDTK7ZT14A83WC"
"01GWJHYY1CBCEKE45R16F047P1","Parking Attendant","01GWFN948BK9P0Q3KWB59ETKRW"
"01GWJHYY1CG8SE3E94EEX8W3D6","Concierge","01GWFN948AE3JYQ057XS3F0TQZ"
"01GWJHYY1CJAKPR386686V9V4C","Porter","01GWFN9489HRBXADVY11JPZHEE"
"01GWJHYY1CKPEZDY7V8Y08GFVN","Security","01GWFN9488E2AEWK295V7HYPT0"
"01GWJHYY1CQZ1ZAXTMHGCE6NA6","Receptionist","01GWFN9487BRESG32B5JHFZDWF"
"01GWJHYY1CS06WMGCG7A1C0YM1","Chef","01GWFN9485SYF6ZA8B0FK1KJQR"
"01GWJHYY1CS89C0XP2E88XS05J","Parking Attendant","01GWFN9484JQ1ADJ96XGQAY6S2"
"01GWJHYY1CS97FTJTA27B8E05M","Concierge","01GWFN9483D3AJJ2HD5081H537"
"01GWJHYY1CYER1YKZ8J0ZNHTBP","Porter","01GWFN94822WR4X6P9JYXEM6W3"
"01GWJHYY1CZFCR9MTTK7TVSPCS","Security","01GWFN9480QAZFQAC8QE9RYKTG"
"01GWJHYY1D272RRCZABTWRACD3","Receptionist","01GWFN947ZFSA6WAV2RZA4GSRQ"
"01GWJHYY1D3AMD5WQVZXY2EZ5D","Chef","01GWFN947YA9DG9C0272MT0CK0"
"01GWJHYY1DA6295NYPK414QQYH","Parking Attendant","01GWFN947WWV4Z8BS25YYRB1P7"
"01GWJHYY1DDTR3X3NZ0F6R7S7Q","Concierge","01GWFN947V0YXVGHAVNY1QCHFZ"
"01GWJHYY1DEFDV18S320PJQM3F","Porter","01GWFN947SPN7C40A09KYHC2X4"
"01GWJHYY1DH2S706DSD4YWQ8PQ","Security","01GWFN947R5TPXGYQ5K8MTQDP1"
"01GWJHYY1DMT1GHZT59NJZ0CZ1","Receptionist","01GWFN947PG82SW6JFMZ166F3D"
"01GWJHYY1DRDAM9EZB3VEHASVF","Chef","01GWFN947N19WFMFRZ003HPZV1"
"01GWJHYY1DW3ENNYW07KEQ82YM","Parking Attendant","01GWFN947K0VS3H6JNYQJHJ7QC"
"01GWJHYY1DWH8DR2H4W8E6T0A6","Concierge","01GWFQ2GJ0SQB2Q3FZT9SPX2AT"
"01GWJHYY1ECQ079HV53731FMJY","Porter","01GWFQ2GJ1R8BXMKWVHQ689JJJ"
"01GWJHYY1EDN4PYY4HTD3MCV1W","Security","01GWFQ2GJ2HK4S7SPPJTE8TVAP"
"01GWJHYY1EGT4KVEE1GJ7AA1PX","Receptionist","01GWFQ2GJ374QBH5SNFMGFTKF0"
"01GWJHYY1EKS7P3FJMS6R5BSJV","Chef","01GWFQ2GJ41T169QBD2K8D4N1V"
"01GWJHYY1EM1TGMGGAXXA4MTF6","Parking Attendant","01GWFQ2GJ4WH70SHYKKVDG080S"
"01GWJHYY1ETA2QJS30AMR1P60V","Concierge","01GWFQ2GJ5CPYT2RPY68Y3G52S"
"01GWJHYY1F63H1N83WD0Y3BZPK","Porter","01GWFQ2GJ6BJPDPE4CYSPEV30F"
"01GWJHYY1FAFCTP8H2TF9N43DP","Security","01GWFQ2GJ79X3VD2Q57090HGFR"
"01GWJHYY1FCM06MC1XEJBMRSZJ","Receptionist","01GWFQ2GJ80NWP69J0JZ4PFM3W"
"01GWJHYY1FDM58HXMWP74PCBJP","Chef","01GWFQ2GJ8V26E2C6PH8W7K8NC"
"01GWJHYY1FG5SH5RGWAM2HQ3VY","Parking Attendant","01GWFQ2GJ9P2C97G53AWN6V0MS"
"01GWJHYY1FSN81Q3XM76K5JPV8","Concierge","01GWFQ2GJCRVYCKEKAX2CEK83Y"
"01GWJHYY1FXGHAS8Q5F8XVANGZ","Porter","01GW8WHMDV3TY869Z37JBQQFSD"
"01GWJHYY1FYMA7HETKSMV3PDYC","Security","01GW8WHMDW5YXVDBRMFCGVYXD2"
"01GWJHYY1G5KVT9T12A9EAW31N","Receptionist","01GWFN948JQF39R0YM42WWZ66H"
"01GWJHYY1G6WHKVDZ9X47D8A43","Chef","01GWFN948HDEHDCA0NYW2G4HYR"
"01GWJHYY1G6XH8XB2JDSC6YCJF","Parking Attendant","01GWFN948GB516Y0G22PP6NW10"
"01GWJHYY1G77BKMJ3VRYKPN03X","Concierge","01GWFN948F2P7A39M9ZC6BP4WH"
"01GWJHYY1G7CKMHMJ5FYBYXM8T","Porter","01GWFN948DZCFAWT3KX30JYNYM"
"01GWJHYY1G915QKK49FT6RPXNX","Security","01GWFN948CWVQGFCRKDGQNB0GJ"
"01GWJHYY1GAHR8J944YX6PJKSD","Receptionist","01GWFN948BJSF0BVR0F4YFEHG7"
"01GWJHYY1GAJ53MSZ5HDNNVNFB","Chef","01GWFN948ACP12SQHVAZ0V6PBH"
"01GWJHYY1GGNXHAEHTY7WZAJ31","Parking Attendant","01GWFN9489D7XFG4HRKZ086FNQ"
"01GWJHYY1GM9K44NJFGWYEQEHG","Concierge","01GWFN9488A8CADYPAH65AHQ0J"
"01GWJHYY1GPQVWRE883TT14NZ3","Porter","01GWFN94878PZ3YNN3M8TBANJE"
"01GWJHYY1GTARVMT0EY9V47QG7","Security","01GWFN9485RVA0TAW7AV348BMQ"
"01GWJHYY1GVDRSJTQ254BJ8FGH","Receptionist","01GWFN9484JAYDS3013DRMGN10"
"01GWJHYY1H0FV37Y32D5ZM7HQM","Chef","01GWFN9483CJ7ZBA5YCPEZMNW5"
"01GWJHYY1H4MVDSZ3F32E09YY4","Parking Attendant","01GWFN94822MTBS711YAAAWJY2"
"01GWJHYY1HF978193KSSMTKNS0","Concierge","01GWFN9480NDMZBCNTE0BB83FA"
"01GWJHYY1HH05B642Z90KYF10F","Porter","01GWFN947ZFFRWMQTYB3Z2N8QQ"
"01GWJHYY1HMK5PHFAE8B9E9CF7","Security","01GWFN947Y7G85F57G8HQN43XP"
"01GWJHYY1HNBRX35TGHHY4PV72","Receptionist","01GWFN947WWBRC4KA45R9MB38P"
"01GWJHYY1HR8H2GY3P8JG515ZB","Chef","01GWFN947V0S0F499D1B9802AP"
"01GWJHYY1J0CHSTHMEEEC8R32Y","Parking Attendant","01GWFN947SJEBQABXNNDJRY4TV"
"01GWJHYY1J0KQ21FZVQ0KVDWRF","Concierge","01GWFN947R1G27KDN9M8M5FZAK"
"01GWJHYY1J6K14F9AMPW0P959A","Porter","01GWFN947PFQQZ66K616HGSA7Q"
"01GWJHYY1J8GPYNJW6EKKM5BBD","Security","01GWFN947MZPKTV4WVQZZK0C48"
"01GWJHYY1J8KGH41EB811RBN7D","Receptionist","01GWFN947JZNC626QEBMDVY69W"
"01GWJHYY1JA9G6TKB6DAZ5EYDA","Chef","01GWFQ2GJ0VC25TZM00J4879YT"
"01GWJHYY1JC48JYGPST5VBAD7A","Parking Attendant","01GWFQ2GJ1RND3MPHFF1JMFV0X"
"01GWJHYY1JDHVEMB0977HEHP9Z","Concierge","01GWFQ2GJ2KE9M2ARVTM63G711"
"01GWJHYY1JF38R1FV4B8VSX4M5","Porter","01GWFQ2GJ3A1CEJWCZGVX1V14N"
"01GWJHYY1JN1DM6WGPC9AEPTHX","Security","01GWFQ2GJ4249P6AZHVK34GVD4"
"01GWJHYY1JS46Z364K21QMX5BW","Receptionist","01GWFQ2GJ4XH8Y45MRQAW0N0EY"
"01GWJHYY1JX2N30BQE7W776FH7","Chef","01GWFQ2GJ5EEW0QKV7KGN8N40K"
"01GWJHYY1JYBYZP9TBHFGNA8E1","Parking Attendant","01GWFQ2GJ6F8X6ZS5CZKTB3CSQ"
"01GWJHYY1K0S951R3EQY3Z62XZ","Concierge","01GWFQ2GJ7DF3TN87FKTZE0EKH"
"01GWJHYY1K5SGDJZT4FQF2RKK6","Porter","01GWFQ2GJ80Z89EP49JXCMRZYA"
"01GWJHYY1KHGC89VJXMQCNXPXJ","Security","01GWFQ2GJ8XHQJRDV51B3AXC5S"
"01GWJHYY1KKPY9801WDFBWQDMM","Receptionist","01GWFQ2GJ9QQKA8FH3CFK7V6H4"
"01GWJHYY1KMN9P6GRKJZY0CF04","Chef","01GWFQ2GJCZG6P30JRQV7K7EKJ"
"01GWJHYY1KRADXKAN5QVHP1EB8","Parking Attendant","01GW8WHMDV45WWR766CR5GX39R"
"01GWJHYY1KS3QBPX5T5XX60KX7","Concierge","01GW8WHMDWJWGHAJHSE8HVB0HD"
"01GWJHYY1KS77VXKHQJF7C8AT0","Porter","01GWFN948JPF823PVVT1KJJ756"
"01GWJHYY1KTEMYB75GKA5ZK1JP","Security","01GWFN948HCFPVMG2K044W3NS3"
"01GWJHYY1KXNZHDA74Y0QVEA7P","Receptionist","01GWFN948GAT92NSX8Z2E3ZCE8"
"01GWJHYY1KZD6J2JXM4F1Z22QP","Chef","01GWFN948F2B9BJMYC7NBB98V0"
"01GWJHYY1M92BAGPB0KNE6V46J","Parking Attendant","01GWFN948DZ6DE2TWNWGZWQBM9"
"01GWJHYY1MDTBQHZ35Y0W8CRK5","Concierge","01GWFN948CTR0VQ9GG0KDHM095"
"01GWJHYY1MQZCA8G9QWW8WT0BJ","Porter","01GWFN948BJP5X3Y6YV6HZ113B"
"01GWJHYY1MRGRKVPQ0120FM4PB","Security","01GWFN948ACAVQSNC7XV2TDKRQ"
"01GWJHYY1MRX8A4BAF2SH4ERY2","Receptionist","01GWFN9489D2PREAST0QVFSAN9"
"01GWJHYY1MS68KVBWH79Z0XYZJ","Chef","01GWFN94889YK5232S286DZAZT"
"01GWJHYY1MT7SJSBV3DQT3F3QY","Parking Attendant","01GWFN94877G215AHV3KXTSETC"
"01GWJHYY1MVA3CAKVV8X6K2Q64","Concierge","01GWFN9485Q2AR83VNQKH812FV"
"01GWJHYY1MWGRVTK14VCR8M3N6","Porter","01GWFN9484GSSSMRQ8ESPMB1M3"
"01GWJHYY1MXD0GTR9854QXSHTG","Security","01GWFN948376MTS42FDKA0QCJR"
"01GWJHYY1MY1Z8YBP8WGY98SZA","Receptionist","01GWFN948211128QB7J97B2886"
"01GWJHYY1N4EFJ89G3QYNW78GN","Chef","01GWFN9480HHP9ZKQPDZDQX8EV"
"01GWJHYY1N6CP2EF53VVNBSVVV","Parking Attendant","01GWFN947ZCT1EVRE1D65DX78J"
"01GWJHYY1N734K873V1V5W423K","Concierge","01GWFN947Y59356C1WZB74B37H"
"01GWJHYY1N7Y19NVMPQ5D8H826","Porter","01GWFN947WW7CHDHR9H0Z92QM4"
"01GWJHYY1N8FBYMCHGTFMYSATQ","Security","01GWFN947V028NF9X8A84FAXNS"
"01GWJHYY1NACRKXBJZA2TC7H53","Receptionist","01GWFN947SFTZ9KQP5TE0MJ2EH"
"01GWJHYY1ND5ME5RXYZJ33AQP6","Chef","01GWFN947QZMMB0F71GACYGE95"
"01GWJHYY1NESE6124K8QW14019","Parking Attendant","01GWFN947PDXR2GDPREWC55WRY"
"01GWJHYY1NHKY8ZGEFCFV8AKXA","Concierge","01GWFN947MXHEE6R7S8MD49DDA"
"01GWJHYY1NPX6AKCVWYTVRR1BC","Porter","01GWFN947JZFPR0Q3A2BD99TH3"
"01GWJHYY1NWVJ4TPRPD3PT9VN0","Security","01GWFQ2GJ0XKXTWGVDR75EGXG9"
"01GWJHYY1NZRX3E909J8RH8MH6","Receptionist","01GWFQ2GJ1SKZZVJM9SZ5KCFH0"
"01GWJHYY1PMCHRRFE046022SDV","Chef","01GWFQ2GJ2KGG36G8FSH3D9DH9"
"01GWJHYY1R9X1GX2EAVE25F7JD","Parking Attendant","01GWFQ2GJ3A2JTRTZB5VNBJ71H"
"01GWJHYY1RCX70YYWA6G4QX27F","Concierge","01GWFQ2GJ42ZC50XDHE66QVDJ5"
"01GWJHYY1REB5XFNF2Y53FCJAQ","Porter","01GWFQ2GJ4YMXJ6HC49H9K3MJT"
"01GWJHYY1RFZ7HQA5FHG742N6A","Security","01GWFQ2GJ5F1NYVRQ6327WTWE7"
"01GWJHYY1RGJAEA6HDWQYYAD6W","Receptionist","01GWFQ2GJ6FY3X2KJCWR3W698E"
"01GWJHYY1RHZQSJBKHV4XJNJXV","Chef","01GWFQ2GJ7E40EJV34ND1D6XX8"
"01GWJHYY1RPVZ5MKHFKJJCYW67","Parking Attendant","01GWFQ2GJ82SS03D26PEHRP99A"
"01GWJHYY1RS4P0024A9VSJ55XA","Concierge","01GWFQ2GJ90KK4V1PAABB02R7V"
"01GWJHYY1RXWR7EWWJV60NJJ5A","Porter","01GWFQ2GJ9R7VAA8WHYF7R42R1"
"01GWJHYY1RZBKTNM41AZWDZ920","Security","01GWFQ2GJD1J0S3TFVJT7XN8QF"
"01GWJHYY1S1CPFTNZ2ZE0BP4W5","Receptionist","01GW8WHMDV7F3MT1Q9KSZB2ADN"
"01GWJHYY1S4SSPYRAQP4M7KJ2M","Chef","01GW8WHMDXGV02J397SB46V4SJ"
"01GWJHYY1S52JH78344G4KTYMP","Parking Attendant","01GWFN948JNW3BEYRY6K6RNSAW"
"01GWJHYY1S786PPBQTQNBNP408","Concierge","01GWFN948HBW5N7FVNWSGPBN3T"
"01GWJHYY1S7E5RG1YFXMVZ53M7","Porter","01GWFN948GA2CARZJDS5QA3861"
"01GWJHYY1S8WPHD132G0MFETCK","Security","01GWFN948F175JT0ET9TNR93B3"
"01GWJHYY1S9Z5T83QNEGBQ1A6C","Receptionist","01GWFN948DZ67F627T9XG7WQS7"
"01GWJHYY1SCAHZZGH7JKVMHYTD","Chef","01GWFN948CRPSTREQZN0D4XWRG"
"01GWJHYY1SE970VN7E09EMKQR8","Parking Attendant","01GWFN948BJA8MRGJ96X2G69HW"
"01GWJHYY1SKFY1X6TQNA2TWCW9","Concierge","01GWFN948A97H0HBPBV34X521B"
"01GWJHYY1SMFG9NE0C7KVS65R0","Porter","01GWFN94899N8D6SNW99K8N1V0"
"01GWJHYY1SQ16CJ98WVAH4GKF0","Security","01GWFN94884H0EC1XT1E82Y6DT"
"01GWJHYY1SSPPW1EAD75JR2E3J","Receptionist","01GWFN948722WV769GD3GZ6XFT"
"01GWJHYY1STWF50RHB4W921FMT","Chef","01GWFN9485HSHJY8EFEQPPKVTQ"
"01GWJHYY1SWPE0RH918CEA6G2W","Parking Attendant","01GWFN9484FPS16AJMH1ES3QR1"
"01GWJHYY1SYH4QN0KEXMWCQ5Q1","Concierge","01GWFN94836JX28AGKRC2CZ09X"
"01GWJHYY1SYNQ8J00RN1ES8J8Z","Porter","01GWFN94820EF4DKAY3V50B5Y5"
"01GWJHYY1T2WEHY6N1X87TN320","Security","01GWFN9480EWV48V2F3W2KAN0Y"
"01GWJHYY1T65QV155TQTG1FK0D","Receptionist","01GWFN947ZAWVTPEZK8WBBJBGN"
"01GWJHYY1T7ZR63YGMFTJ5GCXQ","Chef","01GWFN947Y2A2EDTA4Y2BVNTGQ"
"01GWJHYY1T8BJQAC6A510SVP06","Parking Attendant","01GWFN947WGX1M3ZNY8X3VFJBC"
"01GWJHYY1TBGWDZ2GA2QT7400Y","Concierge","01GWFN947TV8F5WZ92ZP8C0CW3"
"01GWJHYY1TDHJ2QYW5KE5YGAP3","Porter","01GWFN947SD5TWP1NSDCAF4N0E"
"01GWJHYY1TF5MSJFRJ2KDQK2BH","Security","01GWFN947QVTSQJ65MF00QVNP6"
"01GWJHYY1THWRPNSCZZVN1R6FS","Receptionist","01GWFN947PB43ZEG8SJS4S3JV8"
"01GWJHYY1TPK9ZYTD320N7CHVT","Chef","01GWFN947MX4DY5EYKCXAMR5SE"
"01GWJHYY1TR9QBXW8572JDTADJ","Parking Attendant","01GWFN947JTQ4FFFTQ5KGQRASG"
"01GWJHYY1TSG3SJVQ1B5SCN7XJ","Concierge","01GWFQ2GJ0ZYPZ8NM9WNJ9TPDW"
"01GWJHYY1TSHHZ3GVE2TADS6YC","Porter","01GWFQ2GJ1VEQDW9KCZRPMH2HH"
"01GWJHYY1TT4YE1BDCPF11K6D0","Security","01GWFQ2GJ2NEMYVSMTY7BZX4SE"
"01GWJHYY1TTBDDWEM4C04RQ73A","Receptionist","01GWFQ2GJ3CKJWBSJCHF51NTHM"
"01GWJHYY1TVR7RVMK9G6JVZDZB","Chef","01GWFQ2GJ47KEB3MGWGQYWV2J3"
"01GWJHYY1TWRA299B3SWTVMYQE","Parking Attendant","01GWFQ2GJ4Z8K7TV873KVH9TZ8"
"01GWJHYY1V03F1YPN0CVFXYQYK","Concierge","01GWFQ2GJ5G1HBG1DDEYBTNWSV"
"01GWJHYY1V2PQG0K55F24AW9C3","Porter","01GWFQ2GJ6G0ZB5YSD5DJTKHJ4"
"01GWJHYY1V3ZEJ4YTB84HXA1BV","Security","01GWFQ2GJ7G7XHSMKADPMBDHY9"
"01GWJHYY1V4Y1KNK9KMP00WD0H","Receptionist","01GWFQ2GJ85Y8CXCB2CKWYRTDF"
"01GWJHYY1V5DH7W49CTNS2AXQQ","Chef","01GWFQ2GJ90ZA7TTB2TPTJ6ZD7"
"01GWJHYY1V65S8GA3DK3399KT7","Parking Attendant","01GWFQ2GJ9STXJ97XVJRF8X1WM"
"01GWJHYY1V6H4KQMCAB3J7H92K","Concierge","01GWFQ2GJD1WSND9S18E6X5VXB"
"01GWJHYY1V92XASC7AHQ7ES1HY","Porter","01GW8WHMDVEXPHR3PQXMW6458N"
"01GWJHYY1VENWD2M24MHXP5XQ9","Security","01GW8WHMDXDSEDEX56449GV3ZT"
"01GWJHYY1VJE256F4ZB8EJBZP1","Receptionist","01GWFN948JDD3GNRSN7HMEPT0V"
"01GWJHYY1VMW0G2VJEG6XYVHW0","Chef","01GWFN948HA21W9S3ZCXTM3KR0"
"01GWJHYY1VP76Q47J9Y8S4X0DZ","Parking Attendant","01GWFN948G9RS516PYX5J4KMMG"
"01GWJHYY1VPN63W8JT5PHQ9BEW","Concierge","01GWFN948F0MQS3TH3XE8K5Y29"
"01GWJHYY1VS9HHVYW5Y5SEG565","Porter","01GWFN948DVNYV5TWWRVJGYHG7"
"01GWJHYY1VSYPNTZC0DYE7KRBD","Security","01GWFN948CRM891JZ0S4KRDDNJ"
"01GWJHYY1VZHBT8W2BZMVDFJQP","Receptionist","01GWFN948BGV9M1XZDP3R51W3S"
"01GWJJ1ER6BC4BF7DKWYT6GYES","Chef","01GWFN948A7TWSAJKXWZ57V5C4"
"01GWJJ1ER6CBJ5MCDZX452DGE1","Parking Attendant","01GWFN948999N8RPWFKBX56E4Q"
"01GWJJ1ER6DRTCZPQRV1RBVV1Y","Concierge","01GWFN94883X0WC8RWCFKFSHPH"
"01GWJJ1ER6PF4Y8VX2HZP0JF5F","Porter","01GWFN9486WB473YFGCNPSY1EK"
"01GWJJ1ER6R2HYS1Y4G4BV9XBT","Security","01GWFN9485GPJRQ9203JYSEDPG"
"01GWJJ1ER6REQMQ5R070CM3EEA","Receptionist","01GWFN9484F8FJCX8Q9M46YMQ0"
"01GWJJ1ER72MSMQVB95Z3HNVMZ","Chef","01GWFN94835NJ5EDPRBNFF94R1"
"01GWJJ1ER72V0DGYTVX9HTFATA","Parking Attendant","01GWFN9481ZBEBTHJQTWJJ96AH"
"01GWJJ1ER7340M7PMTA0F4AGPN","Concierge","01GWFN9480BRW4QFPF7K9HD5J9"
"01GWJJ1ER7557E61BGQP7VZDP1","Porter","01GWFN947Z42P0TEV3XM6DPASB"
"01GWJJ1ER78EYDWJKA9V8WH92B","Security","01GWFN947Y1HSCJ1F4GB40V5N7"
"01GWJJ1ER78TGKP2RNYW1PHB8H","Receptionist","01GWFN947WGMK3JT8EQGVKDM0B"
"01GWJJ1ER79NG78B2WHSXR7BSA","Chef","01GWFN947TTPM714TVBFA0221X"
"01GWJJ1ER7APSJAJ4B4F2QRY2Q","Parking Attendant","01GWFN947SC9W5DPNWQTX9WND9"
"01GWJJ1ER7FTJGCW5RGDFWFNBT","Concierge","01GWFN947QV5MA7AHXX3B7ESY2"
"01GWJJ1ER7JWT2JF41M9BX45P0","Porter","01GWFN947P7584XCTNPX9F5C0P"
"01GWJJ1ER7Z8V89BK9Z9T945KZ","Security","01GWFN947MX0173KAY4FMKCMRT"
"01GWJJ1ER82V776JWFWXQ51AC1","Receptionist","01GWFN947JRR89ZKSTYM76HYE9"
"01GWJJ1ER89GCJRCF03PJWD2CH","Chef","01GWFQ2GJ11D9DCDJZDAQSWBR3"
"01GWJJ1ER8E57B3J9KG6AD29QR","Parking Attendant","01GWFQ2GJ1VQVG83Y9CJDW3QYB"
"01GWJJ1ER8F87VYQK4D9XCY5MT","Concierge","01GWFQ2GJ2NZ8F3WGVCM0RS6HK"
"01GWJJ1ER8HJSEN8YTRNJE2M00","Porter","01GWFQ2GJ3GEFXQRDG9GDWWYT0"
"01GWJJ1ER8J13PRAA8ADN1ZKTQ","Security","01GWFQ2GJ48QZZWYE5WM7CZZDY"
"01GWJJ1ER8R2YKC463DS9QEAVN","Receptionist","01GWFQ2GJ4ZQ3KEVC4WZ8697RN"
"01GWJJ1ER8V4K1MH7Z9AA98N3D","Chef","01GWFQ2GJ5GZDQA85X4DSSJF47"
"01GWJJ1ER8VS559N4DQTWG376C","Parking Attendant","01GWFQ2GJ6GAVVRT3S3KP0D4QV"
"01GWJJ1ER8YB1RQG8XW6STSC25","Concierge","01GWFQ2GJ7GYE5EE5DPANTHCRA"
"01GWJJ1ER92MP2HBA32K9XE71F","Porter","01GWFQ2GJ860SZ4NAPRCZDHAHS"
"01GWJJ1ER951SPS5TV736VTZ3M","Security","01GWFQ2GJ918TNYVDADRBP5GGK"
"01GWJJ1ER96MD4H016TVN9ZG44","Receptionist","01GWFQ2GJ9T8RZBGD9MJRDDHD1"
"01GWJJ1ER98Q2P6RGX3BPQART8","Chef","01GWFQ2GJD3ZCD59Y1VS78QB21"
"01GWJJ1ER997N3Z2BSHKYN92ZM","Parking Attendant","01GW8WHMDVKYYQJ1YY0VNHEJBF"
"01GWJJ1ER9FAYVJCBXVCP46502","Concierge","01GW8WHMDXS366P9X5GF9YBXP6"
"01GWJJ1ER9J8JTN4QF99F0HJEX","Porter","01GWFN948JC8P514JXKX5KMMWA"
"01GWJJ1ER9MR32P9HC5ERM8J30","Security","01GWFN948H8V6B6XR0KBE7A8J9"
"01GWJJ1ER9RCES7Z6JW3SBKVSW","Receptionist","01GWFN948G6ZMH6YN4JER05WHJ"
"01GWJJ1ER9STXGH79N9440R7KZ","Chef","01GWFN948ET9PTRNYHTDSSQ7C0"
"01GWJJ1ER9WQPTJWXCZBG1KTXA","Parking Attendant","01GWFN948DSBPYNTMYWY985R4B"
"01GWJJ1ERA01FG9ZKJA73QK9SN","Concierge","01GWFN948CR8D5RJWA2Y1KM3MC"
"01GWJJ1ERA1XBNSSHY7HW2PXKK","Porter","01GWFN948BFNKYPX5274PEKRHA"
"01GWJJ1ERA9H80HZXC95DG4D3B","Security","01GWFN948A5ZVZD2H408ZWTX20"
"01GWJJ1ERA9PZV74FQMWFEZBMY","Receptionist","01GWFN94896778YKGA3540PW8G"
"01GWJJ1ERABNW74QG6QSA1MEGY","Chef","01GWFN94881GTDKJMZGG1W1KH2"
"01GWJJ1ERADZFW8CPZ3GNZA3MM","Parking Attendant","01GWFN9486VFE3PB1D5X2DNN18"
"01GWJJ1ERAF3X9PEMG9PKNETBY","Concierge","01GWFN9485F1EJDATY02RM6DQP"
"01GWJJ1ERAKA40H9MA3MYDVFHW","Porter","01GWFN9484DEHMZG9HZGQFBXXG"
"01GWJJ1ERAQH01YRCGZ7T5D6JN","Security","01GWFN94832Z3ASJREBFFMN0P0"
"01GWJJ1ERASW9SNZN4VRT3Y4J5","Receptionist","01GWFN9481YH9Q99F5K0GS292F"
"01GWJJ1ERAT6QRT1RW68PW5A7K","Chef","01GWFN94809DX1KS3ND33ZSSX5"
"01GWJJ1ERAT6S97MJZX888TYZJ","Parking Attendant","01GWFN947Z3207JE83TQ0415S0"
"01GWJJ1ERAXN1HJ3RQARGFASQB","Concierge","01GWFN947Y0PJAJAFEF9TP1796"
"01GWJJ1ERB00VSN576N4KH33FW","Porter","01GWFN947WF48XWWCYJM22TP4Q"
"01GWJJ1ERB2WGD83C09XRDJXP0","Security","01GWFN947TSPCHXWV2J88DVNNH"
"01GWJJ1ERB4V8FWS209PGMQPM3","Receptionist","01GWFN947SBQ1T4KDENR0253A1"
"01GWJJ1ERB85YK7KM1VPG4GX28","Chef","01GWFN947QR384JJC3WCBZ3VTC"
"01GWJJ1ERBCA7VXN48FP3AM5JD","Parking Attendant","01GWFN947P4J3PJSG3NHTTT8T4"
"01GWJJ1ERBCEMJK2HGQXVTY6XK","Concierge","01GWFN947MRVEY9QSDPWQ2NWS3"
"01GWJJ1ERBCHC6DAN4S9ZV0CR6","Porter","01GWFN947JQW87W5AJBWMTGXFV"
"01GWJJ1ERBCR7DY4BPXVY6AX1J","Security","01GWFQ2GJ12MKX0SC8BHQK2CP4"
"01GWJJ1ERBF5EG4Q6XE0XEMQRQ","Receptionist","01GWFQ2GJ1YN03AN2MXM8TQ3MR"
"01GWJJ1ERBJ0CWXRV2CDPBD5A8","Chef","01GWFQ2GJ2QQ25PHF84A59KQ10"
"01GWJJ1ERBKD5DKKZ5AD8EQGYR","Parking Attendant","01GWFQ2GJ3H44Z0PGWFKG6W3H9"
"01GWJJ1ERBKHPVYDKC84AEKCD8","Concierge","01GWFQ2GJ48ZG7XBRYCRMN94GG"
"01GWJJ1ERBQPG6HJJSK5G4HZSA","Porter","01GWFQ2GJ50PXSET75080VK60Z"
"01GWJJ1ERBRRVYX2Z89TW9MEDF","Security","01GWFQ2GJ5JQTGCTS74ZZSVQE1"
"01GWJJ1ERBX0YF0DT8XMKV0B16","Receptionist","01GWFQ2GJ6HJTSPN2897GD9XSS"
"01GWJJ1ERC0W7Z21BKYSZH2Y69","Chef","01GWFQ2GJ7H9J970HZ2BQH0572"
"01GWJJ1ERC394H4H9FB4GYP5YW","Parking Attendant","01GWFQ2GJ883CZ5PYM4GWRD3Q5"
"01GWJJ1ERC5D5T8HHRHP4QMF3P","Concierge","01GWFQ2GJ91W1P4Q1H3PVNXRVG"
"01GWJJ1ERC5DW8VNK93GCQ8ADW","Porter","01GWFQ2GJ9WEFA8T17Q5PFEXNS"
"01GWJJ1ERC5H1AF0FVSQ8KN6PT","Security","01GWFQ2GJD4S6QW3YSJ6SDN1GY"
"01GWJJ1ERC7VZ94V88842KQH3F","Receptionist","01GW8WHMDVJRSE4BN3BSSJHZN6"
"01GWJJ1ERC803E11Z4K9SQ0PCX","Chef","01GW8WS8RKR41B56MD8J5B65FK"
"01GWJJ1ERC8MCPCDXZKX5Z768Q","Parking Attendant","01GWFN948J9SZNWJH4345J1M4F"
"01GWJJ1ERCAB907N9PCZX22F1E","Concierge","01GWFN948H81BBJ48SKGDA9C2F"
"01GWJJ1ERCE3Y1PR30W481T3XD","Porter","01GWFN948G1K2D9E54CZ6S02EW"
"01GWJJ1ERCJ53XKTGV3B17BY88","Security","01GWFN948ER4MQFNEYMBYKNWBT"
"01GWJJ1ERCTVTT10W131N7008M","Receptionist","01GWFN948DK5B3BDS006YBXCSZ"
"01GWJJ1ERCW0S42QNT0MXYN771","Chef","01GWFN948CNQ5X5R9VJH9YJTR2"
"01GWJJ1ERCW3KC4GJ34ZJJWGX5","Parking Attendant","01GWFN948BE18NRJVGSN356S5W"
"01GWJJ1ERCWXZT8TS3ZFWN8SKG","Concierge","01GWFN948A5RP4GKR9PWPDFMY0"
"01GWJJ1ERD0GB4X6QRVVSFH1D8","Porter","01GWFN9489552ZCCPSM4W1BTRW"
"01GWJJ1ERD0XTYVXWT06PR3NYF","Security","01GWFN94880A55VR3CSTVDSHE1"
"01GWJJ1ERD4BKG5CSZ81V1DBG7","Receptionist","01GWFN9486QMQRF0XHEV3FJ0BA"
"01GWJJ1ERD66ZYGNB9KQ08CR02","Chef","01GWFN9485CY97PPTXXKJBH4M9"
"01GWJJ1ERD7MVS314HEXK0WJDD","Parking Attendant","01GWFN94849XWCA9RBE9D15KM8"
"01GWJJ1ERD8ZF4759GBTW7JZQH","Concierge","01GWFN948322Y3DET6EW7Y8BC6"
"01GWJJ1ERDAJRKNYH63EDCHEPM","Porter","01GWFN9481V47KYQPBGHDSAACD"
"01GWJJ1ERDBYKF85QBYJSA6Z14","Security","01GWFN948079GEVDC13E3METTS"
"01GWJJ1ERDEK27WNAJYRCMJTPZ","Receptionist","01GWFN947Z2DZWSCRQ7EVXQSJT"
"01GWJJ1ERDPNDQ0EQP8PGX151S","Chef","01GWFN947XZTZJ9F543E7BHC9E"
"01GWJJ1ERDSGGVFDEDC8QG3KP2","Parking Attendant","01GWFN947WE7A6PPZN133EF5F3"
"01GWJJ1ERDV0SG11E65NCQ9514","Concierge","01GWFN947TMA6PGRC67YM4F467"
"01GWJJ1ERDV8K9H2HAB3EP0122","Porter","01GWFN947SAMCXPGZCDHF33QV5"
"01GWJJ1ERDW0RSVE6WCF6SZP93","Security","01GWFN947QQXBHM9WAV73Y6MPE"
"01GWJJ1ERE3WK37HE9CM7W3G2R","Receptionist","01GWFN947P0VBRAA7GH1CEVQW6"
"01GWJJ1ERE6H1QTH20Q0DPTXWE","Chef","01GWFN947MQJCFPFBJM0SSSYCS"
"01GWJJ1ERE9ZCVRTWZE2Y14D9B","Parking Attendant","01GWFN947JHWC2QVHG9WMS15KP"
"01GWJJ1EREG00JRTR8505SFB0N","Concierge","01GWFQ2GJ13B4B9DJ95CB6PAX7"
"01GWJJ1EREG793K4WK4DWWEVK1","Porter","01GWFQ2GJ1YVBB8WMTDTB1XKVF"
"01GWJJ1EREKZSWN3R0XXBQREH6","Security","01GWFQ2GJ2S8YAZK8REBA4ZDER"
"01GWJJ1EREND8R9PT20J33H15J","Receptionist","01GWFQ2GJ3H7C77NQ76CFKKAAE"
"01GWJJ1ERENFZWPS69VPH28ENP","Chef","01GWFQ2GJ4910BMXYNA2SM5AGF"
"01GWJJ1ERENQVW13AVD8SPQRHV","Parking Attendant","01GWFQ2GJ50S4KCSXYFDF0Q60N"
"01GWJJ1ERENWX5SY7YPMNBKEPB","Concierge","01GWFQ2GJ5QF2KV69S80N63128"
"01GWJJ1ERETAJG0Q5B3860N6XD","Porter","01GWFQ2GJ6JEXAT41KD28ZWG5M"
"01GWJJ1ERETSV3VF7GFZ6F8G23","Security","01GWFQ2GJ7J5BD4XQWR8N2CJSQ"
"01GWJJ1EREWMKRAZXYQ1H055VP","Receptionist","01GWFQ2GJ88S8GZBVJPSMY5PY8"
"01GWJJ1EREX2FKQ7HDPERT63F1","Chef","01GWFQ2GJ932Q3B22PR4GKBCQ8"
"01GWJJ1EREXD7G2CK1FRDSTEQM","Parking Attendant","01GWFQ2GJ9X87NZVQ18MFH4A8C"
"01GWJJ1ERF0QT33KKX789PWP6G","Concierge","01GWFQ2GJD5J0H3QK3GGFXR2G7"
"01GWJJ1ERF39ZRTRWATY9TGMS9","Porter","01GW8WHMDVN5SF7EP0A23W42Q2"
"01GWJJ1ERF94VBQKJV70RJM13F","Security","01GW8WS8RMY8G71ZCFKV1SVMPH"
"01GWJJ1ERFAQJ9GS2W3GXVG0BX","Receptionist","01GWFN948J94JX6XMVTYYTG5EA"
"01GWJJ1ERFEMWV6STQQ8FMTQJM","Chef","01GWFN948H7H90XJNNE31RKQQP"
"01GWJJ1ERFJ377DHSABH7312VA","Parking Attendant","01GWFN948G0551HRPTEDXEMB9G"
"01GWJJ1ERFJJ53K8056AY6BS9V","Concierge","01GWFN948EQNSK057Q1HNK0ZFT"
"01GWJJ1ERFJMYB3V1ANB085Y04","Porter","01GWFN948DJZYJHCHJNBS1FM6G"
"01GWJJ1ERFJYX5G8N93TXGP317","Security","01GWFN948CJEW5XBJGA2G65M2Q"
"01GWJJ1ERFMEQ9CM25JQV680NP","Receptionist","01GWFN948BB514K4D4GNK3CP53"
"01GWJJ1ERFMW3XHDEVBMXGMBWV","Chef","01GWFN948A5N5BC5MSJGSB7BTW"
"01GWJJ1ERFRZ5N3279D4N3M35R","Parking Attendant","01GWFN94894BV6N6XEQ5GZ1JCH"
"01GWJJ1ERFS7FZ2QSGJWPPN7EG","Concierge","01GWFN948800EX2VXFHKSQG0EG"
"01GWJJ1ERFX2NH68KS25SSFXQ6","Porter","01GWFN9486NCKQKTNWNJT1RHFG"
"01GWJJ1ERFYYP1JTH0RJMA36NS","Security","01GWFN94859PG02RSJ94NX5FX1"
"01GWJJ1ERG33C7VNYFBCE4HM7C","Receptionist","01GWFN94849SS3KR9HP1FPEHVM"
"01GWJJ1ERGB58G1S5SN9AYGV65","Chef","01GWFN948313PJZPW40EH1M6XW"
"01GWJJ1ERGD4KNTCHGZQ4BYYEF","Parking Attendant","01GWFN9481SA6Q7QHBEMA0ZKV9"
"01GWJJ1ERGEH1XK6WR2QMNNBM3","Concierge","01GWFN948078GTSM8RSDFTHTYM"
"01GWJJ1ERGEK6MYJWM4MVY7NR9","Porter","01GWFN947Z1R23NR7GH01JJ960"
"01GWJJ1ERGF7GJ80801JG0FB3T","Security","01GWFN947XVP2TCBV2N9AFCCWX"
"01GWJJ1ERGHMFA1ZC1S2EZRP2P","Receptionist","01GWFN947WE3N10V0MTHABWZ6H"
"01GWJJ1ERGHWTAH68M73Z0K8FG","Chef","01GWFN947TJJ9VGKMA1J34HGPS"
"01GWJJ1ERGK1TQ6QA8MXASHDSR","Parking Attendant","01GWFN947S77ZZA9M5EAYW4EEG"
"01GWJJ1ERGQRZ6WP5J9SN1RCNF","Concierge","01GWFN947QNPGDK351P9723MA6"
"01GWJJ1ERGRSZJCF3FZC57A8ZT","Porter","01GWFN947P01J4T5JQEMQSEHC7"
"01GWJJ1ERGSDF93C1S09MF51ZG","Security","01GWFN947MPE4H5VV1JPTNH6KA"
"01GWJJ1ERGZR1VEMHB1C7S5G5B","Receptionist","01GWFN947J8HV2ADFMPZ36RFDV"
"01GWJJ1ERH3V17XQFFTK3H02AH","Chef","01GWFQ2GJ14V6M1ZST6XWP3X1D"
"01GWJJ1ERH4AEYSS6QBMVH91TD","Parking Attendant","01GWFQ2GJ1Z263VTKT6ZWQBCJM"
"01GWJJ1ERH66QXD6C40M9AMGJ8","Concierge","01GWFQ2GJ2SACG2W55H0W5HRH0"
"01GWJJ1ERHADERD1Q21PXQV80X","Porter","01GWFQ2GJ3JBJ6JVEMD56B54GW"
"01GWJJ1ERHCG8X0TZ56TPCE5GE","Security","01GWFQ2GJ4D81RY74R4NF7VRVZ"
"01GWJJ1ERHETYP0BK3E3ER49FY","Receptionist","01GWFQ2GJ51VARZY3ZPKN0VWWZ"
"01GWJJ1ERHKXX76W8GP3284PK8","Chef","01GWFQ2GJ5R84HF79D4FBZBS6C"
"01GWJJ1ERHP4NXR5280FJ7KW2J","Parking Attendant","01GWFQ2GJ6K5C8WFSEX0X1MYJ0"
"01GWJJ1ERHR7D59DEVWTZS4YJW","Concierge","01GWFQ2GJ7J5JMB0SJE71EAEM1"
"01GWJJ1ERHRYS834AVZAD9Q83J","Porter","01GWFQ2GJ894586BPBW0GMED1B"
"01GWJJ1ERHS5GVS3JZMG1HQMN0","Security","01GWFQ2GJ9422TNZYT65W73NF6"
"01GWJJ1ERHV9YDZNCZ190DTZY4","Receptionist","01GWFQ2GJATJCYPGFTBS988S27"
"01GWJJ1ERHXVPBC0YPVTZV8QN6","Chef","01GWFQ2GJDGAYHH9YA23S5FRF8"
"01GWJJ1ERHYVFBSF5772Y908K5","Parking Attendant","01GW8WHMDV47DTYQ1AXQG7D1QJ"
"01GWJJ1ERHZN9A8PWG5QBS1JZT","Concierge","01GW8WS8RMMR56VR3ZJ6NEQEPJ"
"01GWJJ1ERJ0Z34YFWMA2TYM4RS","Porter","01GWFN948J89AFHFF8QS54XYQH"
"01GWJJ1ERJ16DN4XS1Y4C9V8RV","Security","01GWFN948H71JDCKMHF00X7F1F"
"01GWJJ1ERJ3Z82ZDEGTBWMPNM2","Receptionist","01GWFN948FY1P3FJ06H35P8TZX"
"01GWJJ1ERJ8RW9M9T5R0X607DF","Chef","01GWFN948ENHJH9G5SEYMMTYAP"
"01GWJJ1ERJ97GCDAQ66FZ2GC8R","Parking Attendant","01GWFN948DH1TS7R6R74E4DW2G"
"01GWJJ1ERJ9J673TZK00E3NBHV","Concierge","01GWFN948CJ39AT901WSZ1C9YW"
"01GWJJ1ERJC16J926TB0JXQ241","Porter","01GWFN948BB0HPYT39YKEN80VJ"
"01GWJJ1ERJC2VKCFS2QSMM6VAG","Security","01GWFN948A4WEECSG3Z7X9KA68"
"01GWJJ1ERJCKZEPJQEF6KBMJ9P","Receptionist","01GWFN9489171A5MZ42S57YZ6A"
"01GWJJ1ERJDHD8R3CPVAGAJ8YG","Chef","01GWFN9487Z53DAQ291AVCCJXX"
"01GWJJ1ERJNWFA42EV6R1HWGC2","Parking Attendant","01GWFN9486MJ9HHK605DJKP6SX"
"01GWJJ1ERJRPG7VNMBXF25RPV2","Concierge","01GWFN948588NDFK2X4M0T1HDE"
"01GWJJ1ERMCZEXDVNY9K2VJKC2","Porter","01GWFN948491CJRZJ6X1JPWZP8"
"01GWJJ1ERMEETYKC78QTS4EB63","Security","01GWFN9482YWBP2ZA5MJ0VQV0P"
"01GWJJ1ERMG8Z1E0ANB4MRGN9Q","Receptionist","01GWFN9481QRNHPYZ18ZZ568CA"
"01GWJJ1ERMH7B1CFP9YBJYWJ9B","Chef","01GWFN94806VK45WFJBPNZYQMS"
"01GWJJ1ERMNBY35NDAPCVWFZY4","Parking Attendant","01GWFN947Z0HCATPRYMFFXCWYD"
"01GWJJ1ERMYVT2PFR1DWHAKJ1V","Concierge","01GWFN947XR5Y7M0TZ1PWACJB1"
"01GWJJ1ERMZNN9NQVV2E8ZYBJF","Porter","01GWFN947WCH5Z68B4WHCMRF92"
"01GWJJ1ERN1AX8DQF9FQT4GCP9","Security","01GWFN947TGFKT5BYD27178P8C"
"01GWJJ1ERN3DC06SWK0DPVNF21","Receptionist","01GWFN947S66TSQDK84THCS11F"
"01GWJJ1ERN5A29AQ6ZNPR83CPQ","Chef","01GWFN947QM45WSKTR596RSG41"
"01GWJJ1ERN5KSEDCCFV7D949Q5","Parking Attendant","01GWFN947NYV3ESRX9RYDEP0HM"
"01GWJJ1ERN8CFHDM4S8DYKNPNY","Concierge","01GWFN947MNH279ADG8M7T722A"
"01GWJJ1ERNEQ9BR49ZDNVS3ZKY","Porter","01GWFN947J22R8F75TT0VKTQYH"
"01GWJJ1ERNJH66HVF4CBBWXX0R","Security","01GWFQ2GJ15G1NQF9DEJDXYC6D"
"01GWJJ1ERNJS824A95ZTBAXTP4","Receptionist","01GWFQ2GJ21PQHCQRFD507C2PE"
"01GWJJ1ERNN4EB254DRFWXD6KN","Chef","01GWFQ2GJ2SHCC89DVGR20WQX5"
"01GWJJ1ERNQVTYKQCFNKHMJRTK","Parking Attendant","01GWFQ2GJ3KRCQ1C38V1VRR4R3"
"01GWJJ1ERNSBV4HAJK4C5FR6T2","Concierge","01GWFQ2GJ4FD6T4KS60B3EB0JQ"
"01GWJJ1ERNTPX0P1QFN76VXC4Z","Porter","01GWFQ2GJ52FA0RZERXPJKF2V2"
"01GWJJ1ERNTWSV98FXR848JY3E","Security","01GWFQ2GJ5V5HJPB03E8JAQXC9"
"01GWJJ1ERNWY38HFZ5JCGCYZMD","Receptionist","01GWFQ2GJ6PBR061AH4P6QN7WP"
"01GWJJ1ERNXTQN2RZVMA8VB79V","Chef","01GWFQ2GJ7NZTR7MACS7B8727N"
"01GWJJ1ERNYFVFA9VVT6GS8B7T","Parking Attendant","01GWFQ2GJ8958T9CHPNZ07NF0E"
"01GWJJ1ERNZBWGPDHQDHNK1JHG","Concierge","01GWFQ2GJ944H25DE4NWYXSHHC"
"01GWJJ1ERP2JR81NGJ2QPS58DN","Porter","01GWFQ2GJAW0Y8N7FW4YNM742F"
"01GWJJ1ERP2QAFSRTF55D3R4TX","Security","01GWFQ2GJDGC9QTSM9ERYEBVH4"
"01GWJJ1ERP44YEP2QWX6D5XZEH","Receptionist","01GW8WHMDV16Q4RXJ88F3Z4TH1"
"01GWJJ1ERP4TZ4HBRVV5WC299N","Chef","01GW8WS8RMR5VW3B8DGDY6CHSS"
"01GWJJ1ERP5JJN3EYEAYZDZNQA","Parking Attendant","01GWFN948J83J3GXQWXFQGSBNZ"
"01GWJJ1ERP9YVDR9BHJNHT3EGH","Concierge","01GWFN948H60GYWJEDM722T4E1"
"01GWJJ1ERPA4HED6FCZ0YM2HTX","Porter","01GWFN948FHJQNS6AQE1VRCRWS"
"01GWJJ1ERPAR4VE7TWDBQ8S539","Security","01GWFN948EKTC91FA2Y613D369"
"01GWJJ1ERPE8AG4H3PYCJVN5GF","Receptionist","01GWFN948DEXP83V9312MD3K0Z"
"01GWJJ1ERPFS0WKYQ3KBJRGWB6","Chef","01GWFN948CDJF2P1CHKMRM60T8"
"01GWJJ1ERPGMF4YCVFKAR72XMJ","Parking Attendant","01GWFN948B9E2PJ7E0JCBKRFMJ"
"01GWJJ1ERPGN49V1409YS31TJR","Concierge","01GWFN948A4ENWYJSGGYSJ78T6"
"01GWJJ1ERPKGE0YE91G5WJEV3H","Porter","01GWFN9488ZCB35VHWBA61Z5YR"
"01GWJJ1ERPN0XWNKMYB6XDNXW5","Security","01GWFN9487W68ECHHAVVAQJFKQ"
"01GWJJ1ERPXQX4VH4TN76KF727","Receptionist","01GWFN9486KE0N1BGR5A6HF76Z"
"01GWJJ1ERPZ3G1G0HCZGR0RNKE","Chef","01GWFN9485561YW8HWTQBCRXKY"
"01GWJJ1ERQ5G2DV2W4K8VWR8AV","Parking Attendant","01GWFN94847DG6H9RWFS656X1F"
"01GWJJ1ERQ6VMFYDWMRZ7NZK4M","Concierge","01GWFN9482X2HM9ZYT7CCHR0J0"
"01GWJJ1ERQBV6TCDBFN3YGZDBD","Porter","01GWFN9481P6ZRJ19HZZSCJHYP"
"01GWJJ1ERQE78Y3C9E0XP173QM","Security","01GWFN94804GN8HRR65MREARFQ"
"01GWJJ1ERQEGJJFVPWPRSMMRWK","Receptionist","01GWFN947YZM0BXZ8WJDR12K5F"
"01GWJJ1ERQF4HF1ZRJY1NYV2C2","Chef","01GWFN947XNVM8J9A760Y0SQSV"
"01GWJJ1ERQFS22S7JZYQ7VAHX2","Parking Attendant","01GWFN947WCEGN5PKK2M3MJ39A"
"01GWJJ1ERQFZ9HJCFRKNCWFVVG","Concierge","01GWFN947TFEPVHDF3NA7SHMFA"
"01GWJJ1ERQG04P7680AHXZ7JA7","Porter","01GWFN947RVSRJBT8MX9Z5YWQY"
"01GWJJ1ERQHK3RG82X1XH9DCV0","Security","01GWFN947QAWZ7YES4V86Q18KQ"
"01GWJJ1ERQKKNHZE45KVTE8A7R","Receptionist","01GWFN947NTAT1G4ZKA85AJ2DR"
"01GWJJ1ERQMRSXX7Q6RY9D08NA","Chef","01GWFN947MJFCEQQ61ZGXY5T5D"
"01GWJJ1ERQN6HKJMRTWKW0KR80","Parking Attendant","01GWFN947H613STKS2X9VTT6CA"
"01GWJJ1ERQRYEPXPC9CSYFS23E","Concierge","01GWFQ2GJ17WRN4RWZQJ5R51CQ"
"01GWJJ1ERQTM50C6RH89VE492T","Porter","01GWFQ2GJ22YN4H46NDBDMPKMF"
"01GWJJ1ERQZKWQ7TFS3TVRQ5F3","Security","01GWFQ2GJ2SPQA0AM20GKV7Z56"
"01GWJJ1ERR4F182NWDB71BPS79","Receptionist","01GWFQ2GJ3MMVEXTXKVNNPY0ZF"
"01GWJJ1ERR5B0RBZK0C48P81YA","Chef","01GWFQ2GJ4GF7505F2BXPJFY2Z"
"01GWJJ1ERR679SBA11W36QXZ45","Parking Attendant","01GWFQ2GJ52GWHW0Z73JTSV4XM"
"01GWJJ1ERR73Z2QGKSN92DNW79","Concierge","01GWFQ2GJ5Y7GM0DWEWSHPXK1B"
"01GWJJ1ERRCKNJN7V8V1X8XVMG","Porter","01GWFQ2GJ6QS0XDBP5RCZGEPZ0"
"01GWJJ1ERRD9BJ92H98AQP7MX8","Security","01GWFQ2GJ7P7FFT1BKXJGR7QRY"
"01GWJJ1ERRF98RFF84G3TK4C0E","Receptionist","01GWFQ2GJ89WJGBM95P61SB3Y7"
"01GWJJ1ERRG40RY9DQ0DRRSJSR","Chef","01GWFQ2GJ97CM6CYQS1DAZ16WQ"
"01GWJJ1ERRH2S5EK0M5TTKB53V","Parking Attendant","01GWFQ2GJC1EP7G30NGCHC1F2E"
"01GWJJ1ERRHHNQAW5759VP8TWD","Concierge","01GWFQ2GJDM5RDPQ883T2N68Y4"